time_stamp,username,source_ip,event_id,action
2026-07-01 00:00:02,myersbradley,124.124.9.228,4624,Success
2026-07-01 00:00:28,xross,92.113.129.168,4624,Success
2026-07-01 00:01:26,kerrimeyer,215.201.68.102,4624,Success
2026-07-01 00:02:01,ugaines,49.125.4.183,4624,Success
2026-07-01 00:04:36,icampbell,53.149.103.179,4624,Success
2026-07-01 00:05:47,shawndecker,163.224.231.69,4624,Success
2026-07-01 00:06:29,westjoseph,83.206.2.105,4624,Success
2026-07-01 00:06:40,brian75,40.45.231.75,4624,Success
2026-07-01 00:06:43,kristinmiller,8.50.12.77,4624,Success
2026-07-01 00:09:14,charlessolis,31.200.201.138,4624,Success
2026-07-01 00:09:20,zortega,145.112.183.33,4624,Success
2026-07-01 00:09:26,bwilliams,55.69.82.195,4624,Success
2026-07-01 00:10:32,williamsrobert,85.172.63.6,4624,Success
2026-07-01 00:10:35,marshcory,8.49.246.74,4624,Success
2026-07-01 00:10:51,jonathonvalentine,204.153.237.97,4624,Success
2026-07-01 00:11:25,stevehobbs,213.99.47.83,4624,Success
2026-07-01 00:11:41,gcarter,42.233.216.159,4624,Success
2026-07-01 00:13:25,krista64,84.3.50.220,4624,Success
2026-07-01 00:13:26,cummingssusan,88.137.181.230,4624,Success
2026-07-01 00:13:58,anthonysmith,152.150.69.197,4624,Success
2026-07-01 00:15:04,candaceguzman,24.134.225.214,4624,Success
2026-07-01 00:15:21,jonesjames,22.77.89.165,4624,Success
2026-07-01 00:15:41,kevinwashington,55.197.240.84,4624,Success
2026-07-01 00:16:06,lortiz,149.205.5.102,4624,Success
2026-07-01 00:16:35,donaldyoung,73.155.179.81,4624,Success
2026-07-01 00:16:37,douglasmartinez,124.229.254.65,4624,Success
2026-07-01 00:17:44,wclayton,52.171.154.7,4624,Success
2026-07-01 00:18:28,amy52,163.4.130.126,4624,Success
2026-07-01 00:18:28,campbellhannah,128.54.135.227,4624,Success
2026-07-01 00:18:37,holmesjon,125.114.207.163,4624,Success
2026-07-01 00:19:43,thomashenderson,163.202.112.90,4624,Success
2026-07-01 00:20:25,robert62,122.51.183.158,4624,Success
2026-07-01 00:21:30,qray,143.85.60.4,4624,Success
2026-07-01 00:22:15,mhernandez,154.20.25.69,4624,Success
2026-07-01 00:24:07,xgreen,12.1.57.116,4624,Success
2026-07-01 00:25:46,barkerdorothy,163.57.104.50,4624,Success
2026-07-01 00:25:47,phyllis22,120.67.75.33,4624,Success
2026-07-01 00:26:07,kaylapruitt,7.244.18.149,4624,Success
2026-07-01 00:27:14,zbaker,31.114.219.15,4624,Success
2026-07-01 00:27:28,donhernandez,207.32.121.254,4624,Success
2026-07-01 00:27:45,harrisjames,61.202.151.254,4624,Success
2026-07-01 00:27:57,tfrench,11.73.252.139,4624,Success
2026-07-01 00:28:36,bellpaul,1.144.196.193,4624,Success
2026-07-01 00:29:10,ashleyedwards,16.126.133.172,4624,Success
2026-07-01 00:29:49,christopherquinn,202.11.219.172,4624,Success
2026-07-01 00:30:47,mikecooper,160.159.11.33,4624,Success
2026-07-01 00:31:54,sharon58,45.41.227.166,4624,Success
2026-07-01 00:33:05,rodneynguyen,41.72.161.99,4624,Success
2026-07-01 00:33:21,hallstacey,12.104.99.7,4624,Success
2026-07-01 00:33:43,justin63,73.213.14.136,4624,Success
2026-07-01 00:33:47,salascarol,168.162.164.97,4624,Success
2026-07-01 00:33:50,adamsjohn,197.96.235.68,4624,Success
2026-07-01 00:34:08,kenneth70,33.32.200.186,4624,Success
2026-07-01 00:34:31,randyroberts,112.217.135.142,4624,Success
2026-07-01 00:34:43,craigbrown,51.133.246.21,4624,Success
2026-07-01 00:34:58,john62,90.75.235.88,4624,Success
2026-07-01 00:36:02,ojohns,1.194.210.58,4624,Success
2026-07-01 00:36:14,jhoward,167.14.165.200,4624,Success
2026-07-01 00:36:37,james65,54.246.47.149,4624,Success
2026-07-01 00:37:00,kellyjohnson,192.76.74.119,4624,Success
2026-07-01 00:37:02,george10,100.222.119.74,4624,Success
2026-07-01 00:37:45,mperez,16.6.116.76,4624,Success
2026-07-01 00:38:08,ginaparker,10.81.215.183,4624,Success
2026-07-01 00:38:09,davisrobert,104.244.196.189,4624,Success
2026-07-01 00:38:14,zbates,141.161.153.34,4624,Success
2026-07-01 00:38:52,duffylisa,159.239.203.220,4624,Success
2026-07-01 00:41:56,sarajordan,182.26.15.237,4624,Success
2026-07-01 00:42:06,pwilliams,119.78.3.10,4624,Success
2026-07-01 00:42:07,adamgonzalez,19.5.4.88,4624,Success
2026-07-01 00:42:09,smeyer,91.75.107.215,4624,Success
2026-07-01 00:42:19,murphysharon,15.41.199.103,4624,Success
2026-07-01 00:42:28,thomas21,50.103.54.24,4624,Success
2026-07-01 00:42:47,gstrickland,208.13.87.101,4624,Success
2026-07-01 00:44:22,kevans,110.43.222.210,4624,Success
2026-07-01 00:44:32,williamsjustin,74.74.201.214,4624,Success
2026-07-01 00:45:52,jonathanmurray,204.195.52.38,4624,Success
2026-07-01 00:45:54,latashafox,219.214.189.249,4624,Success
2026-07-01 00:46:32,christophermyers,46.109.243.192,4624,Success
2026-07-01 00:46:34,holly10,33.156.143.172,4624,Success
2026-07-01 00:46:55,elliskathryn,174.180.187.133,4624,Success
2026-07-01 00:47:48,jhernandez,200.172.175.7,4624,Success
2026-07-01 00:48:27,marcuslee,187.220.120.188,4624,Success
2026-07-01 00:50:17,wrightnathan,68.25.235.67,4624,Success
2026-07-01 00:50:59,longwilliam,94.78.37.158,4624,Success
2026-07-01 00:52:05,anthonystevens,23.100.123.69,4624,Success
2026-07-01 00:52:16,kevinsantos,14.51.125.34,4624,Success
2026-07-01 00:53:19,jonesdenise,196.160.38.130,4624,Success
2026-07-01 00:54:12,smitherik,38.227.189.27,4624,Success
2026-07-01 00:54:25,zrobinson,185.172.230.77,4624,Success
2026-07-01 00:54:27,gtorres,43.14.130.108,4624,Success
2026-07-01 00:55:00,scottjulia,4.88.196.171,4624,Success
2026-07-01 00:55:50,annehunt,135.42.245.61,4624,Success
2026-07-01 00:57:04,kperkins,66.31.35.54,4624,Success
2026-07-01 00:57:27,vrichardson,140.182.188.177,4624,Success
2026-07-01 00:57:39,hernandezjustin,208.163.224.67,4624,Success
2026-07-01 00:58:23,morriselizabeth,71.116.184.239,4624,Success
2026-07-01 00:58:25,sheri96,206.168.56.34,4624,Success
2026-07-01 00:58:26,hsmith,13.144.63.131,4624,Success
2026-07-01 00:58:39,jenniferwalker,82.160.192.206,4624,Success
2026-07-01 00:58:58,joseph05,118.55.189.80,4624,Success
2026-07-01 00:59:27,ugreen,108.85.185.80,4624,Success
2026-07-01 00:59:54,wileyerika,217.248.72.131,4624,Success
2026-07-01 01:00:03,brandonmcneil,59.247.182.245,4624,Success
2026-07-01 01:00:23,burnsdevin,66.52.127.188,4624,Success
2026-07-01 01:02:04,ashley60,29.22.104.232,4624,Success
2026-07-01 01:02:32,thomasbaker,86.172.251.175,4624,Success
2026-07-01 01:02:44,uroth,65.138.75.241,4624,Success
2026-07-01 01:03:01,dherrera,30.193.73.229,4624,Success
2026-07-01 01:03:08,chelseadelgado,107.167.146.146,4624,Success
2026-07-01 01:03:42,kgutierrez,186.165.12.175,4624,Success
2026-07-01 01:04:20,swells,74.40.212.88,4624,Success
2026-07-01 01:04:22,bryandavis,73.73.127.240,4624,Success
2026-07-01 01:04:22,lopezerica,102.198.87.212,4624,Success
2026-07-01 01:05:27,nicolequinn,196.24.65.187,4624,Success
2026-07-01 01:05:34,tbrown,24.124.70.174,4624,Success
2026-07-01 01:06:01,rodriguezcynthia,28.127.5.156,4624,Success
2026-07-01 01:09:19,briangardner,177.118.223.166,4624,Success
2026-07-01 01:09:48,tvargas,104.113.43.240,4624,Success
2026-07-01 01:11:15,michaelrobinson,184.253.11.116,4624,Success
2026-07-01 01:11:17,joy40,122.15.201.60,4624,Success
2026-07-01 01:12:17,eric47,34.246.66.151,4624,Success
2026-07-01 01:12:55,thompsonkimberly,220.57.252.186,4624,Success
2026-07-01 01:14:30,cochranalexandra,192.99.145.23,4624,Success
2026-07-01 01:14:57,phill,128.218.23.207,4624,Success
2026-07-01 01:15:22,hannah36,40.246.143.9,4624,Success
2026-07-01 01:16:23,qpetty,210.66.155.223,4624,Success
2026-07-01 01:16:40,ojones,170.104.171.9,4624,Success
2026-07-01 01:16:50,kelly96,12.201.188.75,4624,Success
2026-07-01 01:17:08,trujillodavid,197.238.139.68,4624,Success
2026-07-01 01:17:45,nancy17,50.6.89.122,4624,Success
2026-07-01 01:17:53,nelsonchristopher,14.92.207.50,4624,Success
2026-07-01 01:18:02,millerolivia,173.191.83.45,4624,Success
2026-07-01 01:18:44,mooreshelley,20.244.150.181,4624,Success
2026-07-01 01:19:13,popeamber,179.235.140.210,4624,Success
2026-07-01 01:20:33,benjaminjohnson,61.95.141.93,4624,Success
2026-07-01 01:20:41,vcross,178.109.180.100,4624,Success
2026-07-01 01:21:02,dbailey,20.214.156.39,4624,Success
2026-07-01 01:21:26,zlawson,2.133.113.19,4624,Success
2026-07-01 01:21:48,angelachavez,142.196.32.35,4624,Success
2026-07-01 01:22:23,leahsummers,128.237.206.94,4624,Success
2026-07-01 01:22:35,kristinehendricks,184.159.166.111,4624,Success
2026-07-01 01:23:35,anthony82,104.141.55.178,4624,Success
2026-07-01 01:25:18,amber18,99.93.205.108,4624,Success
2026-07-01 01:25:29,murrayjames,51.139.133.68,4624,Success
2026-07-01 01:25:47,jimmyknight,162.213.109.116,4624,Success
2026-07-01 01:26:12,lmcdonald,45.174.151.98,4624,Success
2026-07-01 01:26:29,thomas78,204.17.97.78,4624,Success
2026-07-01 01:26:47,johnwebb,200.11.167.78,4624,Success
2026-07-01 01:28:14,curtisshelton,137.13.154.201,4624,Success
2026-07-01 01:28:23,zevans,78.203.76.140,4624,Success
2026-07-01 01:28:47,amanda24,29.148.25.186,4624,Success
2026-07-01 01:29:33,blake16,201.93.225.60,4624,Success
2026-07-01 01:29:41,leeanna,23.175.23.59,4624,Success
2026-07-01 01:31:09,jane57,94.140.238.249,4624,Success
2026-07-01 01:31:14,nelsonrichard,124.61.107.95,4624,Success
2026-07-01 01:31:15,jeffrey24,6.154.26.201,4624,Success
2026-07-01 01:32:02,thomaskelly,160.37.175.186,4624,Success
2026-07-01 01:32:33,rochacody,111.62.182.181,4624,Success
2026-07-01 01:35:13,traviscombs,145.167.8.36,4624,Success
2026-07-01 01:35:28,grantmichael,99.168.52.69,4624,Success
2026-07-01 01:37:06,nelsonjill,171.117.195.209,4624,Success
2026-07-01 01:37:20,johnsonmichael,160.181.178.104,4624,Success
2026-07-01 01:37:36,charles33,142.64.129.63,4624,Success
2026-07-01 01:37:43,bhernandez,2.203.160.79,4624,Success
2026-07-01 01:38:14,bruce91,88.163.19.255,4624,Success
2026-07-01 01:38:39,monicasanchez,86.33.159.223,4624,Success
2026-07-01 01:39:24,nkennedy,134.228.91.226,4624,Success
2026-07-01 01:41:27,hornsarah,37.209.127.205,4624,Success
2026-07-01 01:42:18,cooktimothy,167.147.223.190,4624,Success
2026-07-01 01:43:12,qhinton,221.173.162.28,4624,Success
2026-07-01 01:43:39,vproctor,136.122.247.213,4624,Success
2026-07-01 01:43:53,markmcdonald,199.237.60.244,4624,Success
2026-07-01 01:44:08,martinantonio,66.1.147.146,4624,Success
2026-07-01 01:44:49,arellanodaniel,83.228.114.196,4624,Success
2026-07-01 01:45:10,fclark,21.154.154.226,4624,Success
2026-07-01 01:47:06,tayala,106.183.164.81,4624,Success
2026-07-01 01:47:33,timothyhancock,114.142.143.115,4624,Success
2026-07-01 01:50:34,kristen00,180.59.31.49,4624,Success
2026-07-01 01:51:10,melody33,20.86.58.166,4624,Success
2026-07-01 01:51:25,michaelsmith,196.27.28.22,4624,Success
2026-07-01 01:52:00,timothysantos,8.217.117.128,4624,Success
2026-07-01 01:52:18,vmontgomery,217.209.177.108,4624,Success
2026-07-01 01:52:24,michaelpotter,156.116.80.225,4624,Success
2026-07-01 01:53:21,rossjesus,113.185.1.52,4624,Success
2026-07-01 01:53:40,jeffersonjennifer,184.100.162.208,4624,Success
2026-07-01 01:53:53,vdean,66.111.128.170,4624,Success
2026-07-01 01:54:36,deanortega,84.243.81.228,4624,Success
2026-07-01 01:54:46,davisjoan,25.130.54.81,4624,Success
2026-07-01 01:55:44,sarah58,71.125.134.90,4624,Success
2026-07-01 01:58:37,pbrennan,190.244.13.83,4624,Success
2026-07-01 01:59:22,guzmanmegan,210.133.254.101,4624,Success
2026-07-01 01:59:51,catherinedavis,141.66.228.240,4624,Success
2026-07-01 02:00:03,joshuabullock,104.49.37.188,4624,Success
2026-07-01 02:00:03,vasquezraven,92.110.233.224,4624,Success
2026-07-01 02:01:57,bartonbrandon,103.161.163.143,4624,Success
2026-07-01 02:03:18,knorris,52.242.82.145,4624,Success
2026-07-01 02:03:19,nunezgloria,31.182.197.135,4624,Success
2026-07-01 02:03:23,curtistaylor,78.170.233.241,4624,Success
2026-07-01 02:04:03,andersonkevin,183.17.21.67,4624,Success
2026-07-01 02:04:22,brandonjimenez,131.133.229.82,4624,Success
2026-07-01 02:05:15,markstony,52.101.134.222,4624,Success
2026-07-01 02:05:27,john28,11.131.5.55,4624,Success
2026-07-01 02:06:34,jonwilliams,209.72.220.118,4624,Success
2026-07-01 02:07:51,michael59,3.203.205.154,4624,Success
2026-07-01 02:08:17,jennifercannon,132.12.134.190,4624,Success
2026-07-01 02:08:50,taylortimothy,147.31.12.230,4624,Success
2026-07-01 02:08:54,yjohnson,54.155.241.61,4624,Success
2026-07-01 02:09:28,btownsend,96.220.106.156,4624,Success
2026-07-01 02:11:17,cassandrarojas,201.151.140.192,4624,Success
2026-07-01 02:11:42,tbrown,208.190.55.56,4624,Success
2026-07-01 02:12:11,jacobwilliams,3.232.191.0,4624,Success
2026-07-01 02:12:27,jennifer40,183.139.253.166,4624,Success
2026-07-01 02:12:49,esampson,99.96.23.128,4624,Success
2026-07-01 02:13:25,krauseelizabeth,3.166.120.68,4624,Success
2026-07-01 02:13:32,april62,5.76.151.254,4624,Success
2026-07-01 02:14:10,jfritz,87.6.73.66,4624,Success
2026-07-01 02:14:53,nelsonnicholas,116.173.155.57,4624,Success
2026-07-01 02:15:03,brandoncarpenter,118.76.112.199,4624,Success
2026-07-01 02:15:18,schultzalyssa,142.248.183.30,4624,Success
2026-07-01 02:15:28,bryanjensen,4.193.0.113,4624,Success
2026-07-01 02:19:55,hollyandersen,117.200.78.68,4624,Success
2026-07-01 02:20:04,mason13,98.111.26.14,4624,Success
2026-07-01 02:20:37,rsimmons,28.223.75.84,4624,Success
2026-07-01 02:21:13,dthomas,185.150.124.156,4624,Success
2026-07-01 02:21:30,hendersondawn,77.188.70.168,4624,Success
2026-07-01 02:24:41,williamroberts,134.160.206.146,4624,Success
2026-07-01 02:24:49,grantbradley,110.231.166.241,4624,Success
2026-07-01 02:25:11,bernard94,193.126.185.142,4624,Success
2026-07-01 02:25:15,allenjonathan,199.14.98.56,4624,Success
2026-07-01 02:25:21,jennifer12,23.32.27.96,4624,Success
2026-07-01 02:25:42,veronicapennington,66.164.96.67,4624,Success
2026-07-01 02:26:12,stevensgreg,172.159.167.211,4624,Success
2026-07-01 02:26:57,michael01,141.158.132.44,4624,Success
2026-07-01 02:27:07,sullivandonna,207.251.19.112,4624,Success
2026-07-01 02:28:15,vsmith,46.189.67.168,4624,Success
2026-07-01 02:28:22,pamelathomas,30.238.159.14,4624,Success
2026-07-01 02:28:33,mandrade,75.143.80.163,4624,Success
2026-07-01 02:28:37,shannonlane,43.121.102.216,4624,Success
2026-07-01 02:32:27,wmcpherson,153.228.247.100,4624,Success
2026-07-01 02:33:29,leonard19,41.47.133.219,4624,Success
2026-07-01 02:35:40,matthew75,41.223.86.52,4624,Success
2026-07-01 02:37:31,brandi30,200.25.199.249,4624,Success
2026-07-01 02:39:43,deanwillis,63.117.189.44,4624,Success
2026-07-01 02:40:01,elizabeth20,115.221.66.82,4624,Success
2026-07-01 02:41:57,montgomerymichele,33.116.223.244,4624,Success
2026-07-01 02:42:17,jessicafowler,108.137.169.73,4624,Success
2026-07-01 02:43:57,bbradley,8.54.117.156,4624,Success
2026-07-01 02:44:15,crystalzuniga,12.188.178.106,4624,Success
2026-07-01 02:44:20,choffman,21.105.36.12,4624,Success
2026-07-01 02:44:27,sdavis,149.175.205.217,4624,Success
2026-07-01 02:45:06,jeremysmith,101.120.171.193,4624,Success
2026-07-01 02:45:16,brian68,88.46.213.203,4624,Success
2026-07-01 02:45:19,dthomas,145.159.62.115,4624,Success
2026-07-01 02:45:21,bowens,25.233.27.99,4624,Success
2026-07-01 02:45:35,xestrada,74.145.243.192,4624,Success
2026-07-01 02:47:06,royrichard,88.173.1.27,4624,Success
2026-07-01 02:47:18,dlewis,128.67.14.70,4624,Success
2026-07-01 02:47:26,castroshawn,210.151.210.224,4624,Success
2026-07-01 02:48:07,nicolebenjamin,215.186.169.215,4624,Success
2026-07-01 02:48:32,ramoskimberly,120.26.68.77,4624,Success
2026-07-01 02:48:53,carlos30,43.246.198.138,4624,Success
2026-07-01 02:48:57,svilla,220.35.167.3,4624,Success
2026-07-01 02:49:01,lberg,28.252.20.94,4624,Success
2026-07-01 02:50:26,klineeduardo,105.76.162.214,4624,Success
2026-07-01 02:50:53,mcdonaldkathleen,161.226.107.211,4624,Success
2026-07-01 02:51:10,shawjohn,111.202.36.44,4624,Success
2026-07-01 02:51:17,stewarthelen,214.166.81.176,4624,Success
2026-07-01 02:52:07,danieladams,41.142.215.94,4624,Success
2026-07-01 02:52:53,adamgibson,148.101.112.14,4624,Success
2026-07-01 02:52:55,angela28,213.143.217.25,4624,Success
2026-07-01 02:54:24,michael17,50.190.164.201,4624,Success
2026-07-01 02:54:24,figueroageorge,219.47.26.135,4624,Success
2026-07-01 02:54:48,patelmatthew,93.229.105.17,4624,Success
2026-07-01 02:55:23,brownadam,11.73.92.87,4624,Success
2026-07-01 02:55:55,kirkjason,110.245.68.2,4624,Success
2026-07-01 02:56:29,maria33,202.74.92.163,4624,Success
2026-07-01 02:57:30,alan04,50.38.150.93,4624,Success
2026-07-01 02:59:18,cummingstimothy,47.115.111.243,4624,Success
2026-07-01 02:59:21,patrickwashington,44.176.51.102,4624,Success
2026-07-01 03:00:37,burkemichelle,2.19.53.36,4624,Success
2026-07-01 03:01:03,manuel90,138.149.27.243,4624,Success
2026-07-01 03:02:04,barbarasmith,170.75.248.70,4624,Success
2026-07-01 03:02:52,micheallang,195.98.134.217,4624,Success
2026-07-01 03:03:08,berryjennifer,220.211.121.175,4624,Success
2026-07-01 03:03:11,joneschristine,50.62.174.175,4624,Success
2026-07-01 03:03:36,ojohnson,134.7.95.96,4624,Success
2026-07-01 03:03:36,linda06,200.179.3.140,4624,Success
2026-07-01 03:03:45,martinsherry,91.44.61.180,4624,Success
2026-07-01 03:04:04,jgibson,30.203.183.17,4624,Success
2026-07-01 03:04:04,brian04,82.218.152.238,4624,Success
2026-07-01 03:04:28,xwright,170.143.141.75,4624,Success
2026-07-01 03:05:29,laura02,176.135.220.216,4624,Success
2026-07-01 03:06:38,stanleymanuel,132.212.105.193,4624,Success
2026-07-01 03:07:09,tinadavis,9.51.34.29,4624,Success
2026-07-01 03:08:02,jespinoza,21.36.66.211,4624,Success
2026-07-01 03:09:03,joshuageorge,137.154.110.139,4624,Success
2026-07-01 03:09:43,jessica79,21.93.142.96,4624,Success
2026-07-01 03:09:49,jeanrichardson,116.147.127.187,4624,Success
2026-07-01 03:09:59,jennifer99,141.102.163.109,4624,Success
2026-07-01 03:10:25,donna93,119.71.238.193,4624,Success
2026-07-01 03:11:22,karen89,204.115.145.22,4624,Success
2026-07-01 03:14:37,oblack,79.57.103.139,4624,Success
2026-07-01 03:15:04,jerome38,113.199.30.250,4624,Success
2026-07-01 03:15:29,suzanne95,161.27.152.17,4624,Success
2026-07-01 03:16:12,brandon81,155.199.194.60,4624,Success
2026-07-01 03:16:22,robertpowell,205.34.117.168,4624,Success
2026-07-01 03:16:49,mscott,85.154.101.185,4624,Success
2026-07-01 03:16:53,michaelfrench,80.230.92.226,4624,Success
2026-07-01 03:17:30,matthew87,208.6.112.201,4624,Success
2026-07-01 03:17:39,timothy71,83.57.123.47,4624,Success
2026-07-01 03:18:01,christyzamora,133.162.125.20,4624,Success
2026-07-01 03:18:02,kentariana,21.230.206.229,4624,Success
2026-07-01 03:18:21,brenda99,36.23.71.210,4624,Success
2026-07-01 03:18:34,beardtina,128.162.90.129,4624,Success
2026-07-01 03:18:49,campbellmichelle,56.79.173.94,4624,Success
2026-07-01 03:18:53,shanebradshaw,120.223.160.10,4624,Success
2026-07-01 03:19:02,qwilson,91.34.89.59,4624,Success
2026-07-01 03:20:28,castanedagregory,13.97.112.206,4624,Success
2026-07-01 03:20:34,mary91,52.82.58.214,4624,Success
2026-07-01 03:21:04,pyork,164.197.191.190,4624,Success
2026-07-01 03:22:02,qcarson,27.248.208.80,4624,Success
2026-07-01 03:22:48,ylee,93.251.240.113,4624,Success
2026-07-01 03:23:25,andrewskara,42.80.240.237,4624,Success
2026-07-01 03:24:03,pamelaramos,88.153.183.3,4624,Success
2026-07-01 03:24:58,whitneypaul,97.204.68.224,4624,Success
2026-07-01 03:25:35,johnsoncraig,23.245.61.180,4624,Success
2026-07-01 03:25:36,douglasvictor,58.151.138.18,4624,Success
2026-07-01 03:25:41,yjohnson,191.183.9.159,4624,Success
2026-07-01 03:27:01,pchan,99.97.121.132,4624,Success
2026-07-01 03:27:19,christopherhoffman,36.64.84.228,4624,Success
2026-07-01 03:27:26,jose96,43.222.193.0,4624,Success
2026-07-01 03:27:48,stacypierce,218.254.25.132,4624,Success
2026-07-01 03:28:46,ythomas,106.89.128.107,4624,Success
2026-07-01 03:29:11,elivingston,162.70.100.98,4624,Success
2026-07-01 03:29:23,davidmarshall,97.173.255.194,4624,Success
2026-07-01 03:30:56,vwu,181.63.255.133,4624,Success
2026-07-01 03:31:53,samueljuarez,58.151.203.102,4624,Success
2026-07-01 03:32:36,jenniferhood,201.98.68.27,4624,Success
2026-07-01 03:33:59,ismith,200.246.62.216,4624,Success
2026-07-01 03:36:07,benjamingonzales,49.61.18.251,4624,Success
2026-07-01 03:36:28,jasmine22,1.53.133.99,4624,Success
2026-07-01 03:39:26,sean82,35.81.122.152,4624,Success
2026-07-01 03:41:48,kathryn18,135.125.209.134,4624,Success
2026-07-01 03:43:22,jaime94,139.152.118.114,4624,Success
2026-07-01 03:43:22,belldiana,104.14.232.143,4624,Success
2026-07-01 03:43:59,ericgomez,151.165.55.32,4624,Success
2026-07-01 03:44:28,awilliams,143.189.165.132,4624,Success
2026-07-01 03:44:36,dcook,181.130.122.217,4624,Success
2026-07-01 03:44:44,christiegarza,163.229.36.72,4624,Success
2026-07-01 03:44:46,ischmidt,61.199.167.166,4624,Success
2026-07-01 03:45:55,abailey,37.220.103.225,4624,Success
2026-07-01 03:46:24,charris,40.228.1.151,4624,Success
2026-07-01 03:46:35,kathrynmcmahon,187.208.171.142,4624,Success
2026-07-01 03:50:17,grace83,155.153.42.91,4624,Success
2026-07-01 03:53:37,stevensoneduardo,151.180.163.183,4624,Success
2026-07-01 03:54:04,joshuaweaver,19.128.133.36,4624,Success
2026-07-01 03:54:24,josephmercer,11.137.225.79,4624,Success
2026-07-01 03:55:20,andreafloyd,140.43.212.128,4624,Success
2026-07-01 03:56:46,woodxavier,35.37.67.132,4624,Success
2026-07-01 03:59:05,sethkelley,35.29.87.186,4624,Success
2026-07-01 03:59:56,julian21,201.39.139.252,4624,Success
2026-07-01 03:59:57,richardmontgomery,190.175.192.33,4624,Success
2026-07-01 04:00:05,scott68,45.166.194.147,4624,Success
2026-07-01 04:00:19,meghanrobinson,213.239.46.105,4624,Success
2026-07-01 04:01:00,stevengomez,207.39.16.92,4624,Success
2026-07-01 04:02:31,hannahsmith,221.132.155.149,4624,Success
2026-07-01 04:02:52,scottmontes,97.156.39.132,4624,Success
2026-07-01 04:03:55,laurataylor,203.70.41.50,4624,Success
2026-07-01 04:06:01,benjaminthornton,59.84.214.86,4624,Success
2026-07-01 04:06:03,vtran,186.23.151.75,4624,Success
2026-07-01 04:07:07,tinarobles,77.101.61.16,4624,Success
2026-07-01 04:07:30,burkeshane,100.185.233.239,4624,Success
2026-07-01 04:07:48,amanda58,121.103.222.169,4624,Success
2026-07-01 04:08:26,allisonewing,1.106.125.46,4624,Success
2026-07-01 04:08:31,ijohnson,193.119.54.144,4624,Success
2026-07-01 04:08:51,morrisjoseph,104.232.165.192,4624,Success
2026-07-01 04:09:10,patelanthony,194.2.251.44,4624,Success
2026-07-01 04:09:27,tuckerheidi,134.85.148.149,4624,Success
2026-07-01 04:09:29,xtownsend,194.151.171.57,4624,Success
2026-07-01 04:11:21,lamvalerie,144.6.68.196,4624,Success
2026-07-01 04:11:31,tony42,187.79.136.251,4624,Success
2026-07-01 04:11:40,jesus30,204.130.40.47,4624,Success
2026-07-01 04:14:23,asalazar,191.53.93.1,4624,Success
2026-07-01 04:14:23,ashley72,194.9.48.172,4624,Success
2026-07-01 04:15:10,riddletracy,126.81.205.7,4624,Success
2026-07-01 04:15:22,andrew80,24.80.199.209,4624,Success
2026-07-01 04:15:59,jeffreyking,124.190.93.138,4624,Success
2026-07-01 04:16:38,sierra32,172.87.132.52,4624,Success
2026-07-01 04:16:42,brian53,111.143.170.45,4624,Success
2026-07-01 04:17:30,jessica90,11.40.113.54,4624,Success
2026-07-01 04:18:51,taylorrachel,68.67.243.195,4624,Success
2026-07-01 04:19:14,fhampton,207.92.115.6,4624,Success
2026-07-01 04:19:21,kimberly00,7.120.207.204,4624,Success
2026-07-01 04:19:33,danielgrant,50.130.104.82,4624,Success
2026-07-01 04:19:35,pamela23,69.219.125.188,4624,Success
2026-07-01 04:20:25,daughertymichael,191.246.222.109,4624,Success
2026-07-01 04:20:41,nhood,202.67.167.59,4624,Success
2026-07-01 04:21:16,anguyen,49.154.162.63,4624,Success
2026-07-01 04:21:20,bsmith,51.127.32.126,4624,Success
2026-07-01 04:22:13,elizabeth68,220.37.26.58,4624,Success
2026-07-01 04:22:18,deanna02,40.204.221.166,4624,Success
2026-07-01 04:22:43,jamesharrison,91.169.62.244,4624,Success
2026-07-01 04:23:14,beardbrenda,196.177.23.80,4624,Success
2026-07-01 04:23:27,mortonchristina,148.176.161.54,4624,Success
2026-07-01 04:24:22,ajackson,177.174.153.65,4624,Success
2026-07-01 04:26:18,rodriguezheather,35.217.83.141,4624,Success
2026-07-01 04:27:44,ucisneros,27.128.116.248,4624,Success
2026-07-01 04:28:34,chadflores,185.75.202.213,4624,Success
2026-07-01 04:29:04,burnsruth,91.26.202.131,4624,Success
2026-07-01 04:30:02,obrown,135.216.127.79,4624,Success
2026-07-01 04:30:35,tatecurtis,139.220.208.55,4624,Success
2026-07-01 04:30:59,nbishop,99.141.216.137,4624,Success
2026-07-01 04:31:06,agreen,197.146.73.179,4624,Success
2026-07-01 04:31:48,longjohn,187.185.157.112,4624,Success
2026-07-01 04:33:43,ymathews,90.190.98.79,4624,Success
2026-07-01 04:34:05,caitlyn72,52.117.80.37,4624,Success
2026-07-01 04:35:26,mitchell25,44.216.79.207,4624,Success
2026-07-01 04:35:51,jordanhill,33.219.235.205,4624,Success
2026-07-01 04:36:07,guerreromackenzie,187.227.0.39,4624,Success
2026-07-01 04:36:32,leealicia,214.159.162.105,4624,Success
2026-07-01 04:36:38,natalie36,141.233.107.155,4624,Success
2026-07-01 04:37:28,fberg,104.68.21.219,4624,Success
2026-07-01 04:37:43,kristendixon,38.191.108.64,4624,Success
2026-07-01 04:39:38,pearsonkevin,51.152.254.169,4624,Success
2026-07-01 04:40:07,vsmith,113.95.173.185,4624,Success
2026-07-01 04:40:17,gregoryhall,135.49.215.151,4624,Success
2026-07-01 04:41:10,alexandra52,63.81.106.182,4624,Success
2026-07-01 04:42:11,qduarte,32.81.200.109,4624,Success
2026-07-01 04:42:20,whitneyneal,34.157.109.35,4624,Success
2026-07-01 04:42:39,richard06,200.247.92.116,4624,Success
2026-07-01 04:42:49,regina31,95.115.74.129,4624,Success
2026-07-01 04:43:57,davismaria,1.152.10.105,4624,Success
2026-07-01 04:44:26,aliciaowen,108.9.149.193,4624,Success
2026-07-01 04:44:30,uwalter,118.43.27.164,4624,Success
2026-07-01 04:44:54,jessicayoung,151.167.69.33,4624,Success
2026-07-01 04:45:05,pdeleon,185.171.45.233,4624,Success
2026-07-01 04:46:12,alexis41,32.251.114.245,4624,Success
2026-07-01 04:46:31,natalie49,91.172.16.28,4624,Success
2026-07-01 04:47:02,smithrachel,121.137.236.223,4624,Success
2026-07-01 04:47:10,michelle35,138.16.253.184,4624,Success
2026-07-01 04:47:33,ematthews,219.199.128.175,4624,Success
2026-07-01 04:48:32,daniellara,29.165.82.4,4624,Success
2026-07-01 04:48:38,xcoleman,166.84.87.142,4624,Success
2026-07-01 04:49:31,pvasquez,81.173.215.216,4624,Success
2026-07-01 04:49:50,johnsonrachel,47.128.86.179,4624,Success
2026-07-01 04:50:23,andersonalexander,14.146.124.50,4624,Success
2026-07-01 04:50:32,lambertashley,3.114.6.88,4624,Success
2026-07-01 04:52:35,adrianlopez,7.23.139.43,4624,Success
2026-07-01 04:53:26,rdelgado,7.89.187.203,4624,Success
2026-07-01 04:53:32,mitchellbrittany,169.84.47.229,4624,Success
2026-07-01 04:53:46,rwalker,166.159.19.100,4624,Success
2026-07-01 04:53:47,ralphrios,182.123.253.11,4624,Success
2026-07-01 04:54:15,mary12,15.109.184.133,4624,Success
2026-07-01 04:54:18,fglenn,9.109.128.249,4624,Success
2026-07-01 04:54:57,kathrynmcdonald,47.7.157.99,4624,Success
2026-07-01 04:55:55,wilsonjeanette,51.49.43.42,4624,Success
2026-07-01 04:56:33,danielle53,209.60.14.45,4624,Success
2026-07-01 04:56:57,andrew47,90.57.48.255,4624,Success
2026-07-01 04:56:58,russellwilliam,66.11.211.174,4624,Success
2026-07-01 04:57:03,aalvarez,121.28.70.128,4624,Success
2026-07-01 04:57:34,richard50,170.177.151.86,4624,Success
2026-07-01 04:57:49,micheal47,131.197.5.255,4624,Success
2026-07-01 04:58:52,zmyers,137.157.7.208,4624,Success
2026-07-01 04:59:55,bernard17,161.159.182.87,4624,Success
2026-07-01 05:02:25,larry56,95.205.57.211,4624,Success
2026-07-01 05:02:39,kevinfreeman,203.251.133.255,4624,Success
2026-07-01 05:02:54,ralexander,83.15.2.184,4624,Success
2026-07-01 05:03:02,wagnerangela,141.239.163.57,4624,Success
2026-07-01 05:03:08,chris35,204.231.61.49,4624,Success
2026-07-01 05:04:01,angela26,89.177.195.141,4624,Success
2026-07-01 05:04:12,thomas99,169.182.236.225,4624,Success
2026-07-01 05:04:51,keithchavez,169.172.12.12,4624,Success
2026-07-01 05:07:17,kennedymark,212.60.249.54,4624,Success
2026-07-01 05:07:18,orobles,144.78.243.207,4624,Success
2026-07-01 05:08:34,mooremichael,202.113.129.201,4624,Success
2026-07-01 05:09:15,christine99,62.168.61.61,4624,Success
2026-07-01 05:09:36,alexisoneill,170.182.164.117,4624,Success
2026-07-01 05:10:01,honeill,158.209.149.213,4624,Success
2026-07-01 05:10:03,katie38,73.1.153.98,4624,Success
2026-07-01 05:11:16,bailey87,33.161.172.134,4624,Success
2026-07-01 05:11:22,zlang,218.93.64.173,4624,Success
2026-07-01 05:11:26,brownjames,166.222.11.169,4624,Success
2026-07-01 05:12:09,donovantheresa,216.55.71.180,4624,Success
2026-07-01 05:12:22,hthomas,122.27.48.164,4624,Success
2026-07-01 05:12:44,alexandermelinda,11.102.155.47,4624,Success
2026-07-01 05:14:06,anitablack,91.39.167.251,4624,Success
2026-07-01 05:14:55,lukerobbins,149.63.45.164,4624,Success
2026-07-01 05:15:23,danieldixon,118.104.30.92,4624,Success
2026-07-01 05:15:47,denisefleming,122.12.122.138,4624,Success
2026-07-01 05:17:13,usanchez,147.161.11.116,4624,Success
2026-07-01 05:17:21,blackangela,26.249.151.142,4624,Success
2026-07-01 05:18:52,beverlypatton,216.163.141.213,4624,Success
2026-07-01 05:20:25,bethanynewton,221.48.89.58,4624,Success
2026-07-01 05:20:48,kennedyshawn,198.201.210.55,4624,Success
2026-07-01 05:20:52,georgedaniel,165.19.132.163,4624,Success
2026-07-01 05:21:27,melaniesimmons,44.0.58.222,4624,Success
2026-07-01 05:21:32,wrightmichael,208.186.210.175,4624,Success
2026-07-01 05:22:03,qsummers,217.253.204.174,4624,Success
2026-07-01 05:22:49,zachary35,222.183.19.2,4624,Success
2026-07-01 05:23:26,owarren,186.85.68.158,4624,Success
2026-07-01 05:23:40,patty78,152.76.200.214,4624,Success
2026-07-01 05:25:02,michael12,177.164.169.128,4624,Success
2026-07-01 05:25:33,lkirby,223.185.183.31,4624,Success
2026-07-01 05:25:50,barbara16,194.223.136.179,4624,Success
2026-07-01 05:26:10,terrance05,65.182.61.252,4624,Success
2026-07-01 05:27:40,uthompson,141.217.37.192,4624,Success
2026-07-01 05:28:24,anthonyhart,70.112.36.159,4624,Success
2026-07-01 05:29:04,wrightharry,22.158.234.128,4624,Success
2026-07-01 05:29:09,markjackson,164.220.126.44,4624,Success
2026-07-01 05:30:55,courtneyhall,24.46.117.194,4624,Success
2026-07-01 05:31:24,kwilson,103.23.46.240,4624,Success
2026-07-01 05:32:32,daniellawrence,110.161.131.123,4624,Success
2026-07-01 05:33:10,wendythomas,136.103.57.182,4624,Success
2026-07-01 05:33:30,martinezamanda,11.48.18.28,4624,Success
2026-07-01 05:33:49,williamsnancy,190.132.30.184,4624,Success
2026-07-01 05:34:21,jamestaylor,188.139.131.40,4624,Success
2026-07-01 05:34:28,cgreene,36.201.204.233,4624,Success
2026-07-01 05:35:44,allenbreanna,12.237.30.51,4624,Success
2026-07-01 05:35:46,james83,49.48.253.188,4624,Success
2026-07-01 05:35:47,nelsonjoseph,14.206.173.14,4624,Success
2026-07-01 05:37:10,higginsjamie,173.81.85.248,4624,Success
2026-07-01 05:37:36,gardnerscott,176.193.191.26,4624,Success
2026-07-01 05:38:33,brianna05,222.88.23.35,4624,Success
2026-07-01 05:38:37,stephen09,64.185.126.67,4624,Success
2026-07-01 05:38:42,shawn28,3.215.59.37,4624,Success
2026-07-01 05:40:26,quinnronald,172.83.183.48,4624,Success
2026-07-01 05:40:30,fjohnson,31.189.68.240,4624,Success
2026-07-01 05:40:42,jacqueline91,11.5.225.196,4624,Success
2026-07-01 05:41:03,joshuafoley,106.19.14.255,4624,Success
2026-07-01 05:42:14,cheryl63,119.181.182.30,4624,Success
2026-07-01 05:42:17,phillip74,29.136.164.23,4624,Success
2026-07-01 05:42:50,catherineparrish,1.19.242.114,4624,Success
2026-07-01 05:43:17,kevinclark,214.26.139.57,4624,Success
2026-07-01 05:44:06,christina79,81.40.120.47,4624,Success
2026-07-01 05:44:15,williamreynolds,81.19.16.104,4624,Success
2026-07-01 05:45:08,paula09,9.134.65.247,4624,Success
2026-07-01 05:45:11,gjackson,18.202.121.64,4624,Success
2026-07-01 05:46:32,brownelizabeth,111.229.224.139,4624,Success
2026-07-01 05:46:32,higginssuzanne,67.118.189.187,4624,Success
2026-07-01 05:47:54,atran,142.95.49.141,4624,Success
2026-07-01 05:48:15,whiterebecca,88.223.140.167,4624,Success
2026-07-01 05:49:49,fpotts,44.105.249.210,4624,Success
2026-07-01 05:49:49,gregory37,176.225.43.133,4624,Success
2026-07-01 05:51:08,edwardrodriguez,219.72.65.109,4624,Success
2026-07-01 05:51:22,martinezrandy,27.138.59.84,4624,Success
2026-07-01 05:51:26,dianagarcia,40.246.251.143,4624,Success
2026-07-01 05:52:05,amberturner,46.27.184.95,4624,Success
2026-07-01 05:52:11,blanchardcrystal,104.23.190.65,4624,Success
2026-07-01 05:53:26,gabrielking,79.242.32.75,4624,Success
2026-07-01 05:53:39,anthonysimpson,29.93.238.253,4624,Success
2026-07-01 05:54:45,stephaniesmith,195.169.162.228,4624,Success
2026-07-01 05:55:12,ualexander,162.21.145.75,4624,Success
2026-07-01 05:55:34,emilygarza,69.16.27.141,4624,Success
2026-07-01 05:57:05,warnerwilliam,24.241.121.225,4624,Success
2026-07-01 05:57:16,peter44,156.32.241.149,4624,Success
2026-07-01 05:57:18,browningphillip,62.105.202.175,4624,Success
2026-07-01 05:57:53,jay86,76.78.141.187,4624,Success
2026-07-01 05:58:52,joshua53,91.25.105.19,4624,Success
2026-07-01 05:59:18,ubrown,55.187.110.205,4624,Success
2026-07-01 05:59:26,davidlove,19.204.7.158,4624,Success
2026-07-01 05:59:52,patty11,15.82.208.214,4624,Success
2026-07-01 06:00:04,carpenterchristopher,2.249.162.50,4624,Success
2026-07-01 06:01:02,jimenezmichael,154.173.64.151,4624,Success
2026-07-01 06:03:45,shannon04,120.236.96.139,4624,Success
2026-07-01 06:03:51,bethjohnson,87.193.142.5,4624,Success
2026-07-01 06:04:06,canturobert,221.77.120.180,4624,Success
2026-07-01 06:04:47,murrayangela,167.86.45.130,4624,Success
2026-07-01 06:05:05,hwarner,52.42.87.4,4624,Success
2026-07-01 06:05:08,orobinson,156.22.60.63,4624,Success
2026-07-01 06:05:24,rachelfischer,83.220.61.128,4624,Success
2026-07-01 06:05:58,smithvanessa,144.238.100.38,4624,Success
2026-07-01 06:06:22,fosterrandy,214.178.72.194,4624,Success
2026-07-01 06:06:25,hrivera,73.152.63.147,4624,Success
2026-07-01 06:06:54,angelarobinson,158.210.213.224,4624,Success
2026-07-01 06:07:28,joshuawhite,201.79.218.60,4624,Success
2026-07-01 06:07:42,christian95,193.39.143.98,4624,Success
2026-07-01 06:08:36,hgomez,161.187.96.192,4624,Success
2026-07-01 06:08:44,heather68,113.243.212.1,4624,Success
2026-07-01 06:08:44,jcrosby,220.124.99.253,4624,Success
2026-07-01 06:08:47,randy15,184.179.64.137,4624,Success
2026-07-01 06:09:17,cjohnston,144.210.128.106,4624,Success
2026-07-01 06:09:21,alexis90,96.77.117.193,4624,Success
2026-07-01 06:09:26,david60,159.180.43.136,4624,Success
2026-07-01 06:09:27,wesleycharles,57.11.243.156,4624,Success
2026-07-01 06:09:41,joseferguson,208.95.66.49,4624,Success
2026-07-01 06:10:23,nicole06,9.145.107.253,4624,Success
2026-07-01 06:10:46,kathleenmcdonald,6.214.250.225,4624,Success
2026-07-01 06:11:35,sandrawest,205.134.169.229,4624,Success
2026-07-01 06:12:16,diazlinda,139.192.247.85,4624,Success
2026-07-01 06:13:18,lshannon,83.86.203.137,4624,Success
2026-07-01 06:13:41,julie50,9.132.1.26,4624,Success
2026-07-01 06:16:28,james79,80.17.82.234,4624,Success
2026-07-01 06:16:37,qduncan,108.6.131.9,4624,Success
2026-07-01 06:17:28,bullockjennifer,166.50.223.67,4624,Success
2026-07-01 06:19:12,matthew42,137.122.149.61,4624,Success
2026-07-01 06:19:18,thomas48,77.163.92.242,4624,Success
2026-07-01 06:20:24,vbeasley,85.64.76.33,4624,Success
2026-07-01 06:20:54,phooper,98.159.207.193,4624,Success
2026-07-01 06:21:45,amy71,67.161.201.157,4624,Success
2026-07-01 06:22:06,vlopez,195.37.29.230,4624,Success
2026-07-01 06:23:08,rosalesderrick,208.127.169.37,4624,Success
2026-07-01 06:24:42,igould,97.99.99.124,4624,Success
2026-07-01 06:25:49,brittanywest,57.88.202.8,4624,Success
2026-07-01 06:26:38,timothyrogers,125.64.17.148,4624,Success
2026-07-01 06:27:23,johnsondebra,93.102.54.73,4624,Success
2026-07-01 06:27:35,qmills,222.27.213.86,4624,Success
2026-07-01 06:28:51,alicia41,146.218.103.188,4624,Success
2026-07-01 06:30:26,bestdaniel,64.65.248.220,4624,Success
2026-07-01 06:32:09,boydbrandon,188.71.144.55,4624,Success
2026-07-01 06:32:27,kimberly55,91.77.204.69,4624,Success
2026-07-01 06:33:35,ewallace,94.68.224.106,4624,Success
2026-07-01 06:34:13,lynchronald,218.37.120.101,4624,Success
2026-07-01 06:34:22,dennismiller,14.0.190.184,4624,Success
2026-07-01 06:34:59,johnsonjorge,139.198.144.197,4624,Success
2026-07-01 06:36:36,charlesbailey,42.75.148.83,4624,Success
2026-07-01 06:36:43,hughescynthia,87.196.176.225,4624,Success
2026-07-01 06:37:45,ssimmons,9.49.7.139,4624,Success
2026-07-01 06:38:42,taylorbrady,131.50.172.189,4624,Success
2026-07-01 06:39:07,denise49,73.141.173.57,4624,Success
2026-07-01 06:39:23,andrew27,131.202.30.224,4624,Success
2026-07-01 06:39:48,fmcdonald,149.56.96.75,4624,Success
2026-07-01 06:39:48,william62,223.25.224.160,4624,Success
2026-07-01 06:39:50,johnmcconnell,91.136.177.83,4624,Success
2026-07-01 06:40:02,kanderson,40.49.214.203,4624,Success
2026-07-01 06:40:46,bakerkimberly,130.9.49.25,4624,Success
2026-07-01 06:41:15,melanie95,43.1.213.191,4624,Success
2026-07-01 06:42:48,stonedavid,90.23.254.94,4624,Success
2026-07-01 06:42:52,vclay,145.158.33.105,4624,Success
2026-07-01 06:42:54,rholder,7.80.213.243,4624,Success
2026-07-01 06:43:06,elizabethperkins,10.139.167.193,4624,Success
2026-07-01 06:43:34,qburke,206.17.75.48,4624,Success
2026-07-01 06:43:45,butlerandrea,6.186.100.244,4624,Success
2026-07-01 06:43:57,jacobhouston,195.41.104.208,4624,Success
2026-07-01 06:44:53,daniellefoster,49.28.133.134,4624,Success
2026-07-01 06:45:32,chapmansherry,205.18.9.187,4624,Success
2026-07-01 06:45:51,courtney18,4.38.71.12,4624,Success
2026-07-01 06:45:55,nlawrence,9.162.19.101,4624,Success
2026-07-01 06:46:05,smithtammy,103.228.93.232,4624,Success
2026-07-01 06:46:28,randymathis,59.143.19.174,4624,Success
2026-07-01 06:46:38,lydia37,219.111.188.54,4624,Success
2026-07-01 06:47:53,williamking,15.109.172.149,4624,Success
2026-07-01 06:48:42,danielhart,132.177.114.206,4624,Success
2026-07-01 06:49:07,galvansophia,188.128.229.7,4624,Success
2026-07-01 06:49:45,kmorgan,63.94.218.38,4624,Success
2026-07-01 06:50:14,kevinhill,208.31.85.49,4624,Success
2026-07-01 06:51:59,kwilson,183.189.181.220,4624,Success
2026-07-01 06:52:04,shanejones,135.255.34.186,4624,Success
2026-07-01 06:52:23,allennatalie,199.101.131.202,4624,Success
2026-07-01 06:52:55,xrobertson,166.36.249.36,4624,Success
2026-07-01 06:53:24,jose34,11.15.220.84,4624,Success
2026-07-01 06:54:25,dylan50,21.91.154.186,4624,Success
2026-07-01 06:56:29,jessicabennett,203.154.207.13,4624,Success
2026-07-01 06:56:41,hwilkinson,64.33.214.200,4624,Success
2026-07-01 06:56:50,sarahhill,46.199.115.100,4624,Success
2026-07-01 06:57:14,xhobbs,138.52.78.193,4624,Success
2026-07-01 06:57:46,josephcastillo,199.173.42.118,4624,Success
2026-07-01 06:57:59,patricia76,61.216.149.214,4624,Success
2026-07-01 06:58:06,washingtonricky,66.146.168.11,4624,Success
2026-07-01 06:58:22,johnthompson,174.113.153.22,4624,Success
2026-07-01 06:58:33,ericacrawford,4.33.113.237,4624,Success
2026-07-01 06:58:36,donnamiller,128.29.135.95,4624,Success
2026-07-01 06:58:54,vwatkins,12.31.50.199,4624,Success
2026-07-01 06:59:28,murphychristina,64.217.167.209,4624,Success
2026-07-01 07:02:01,ashley77,92.194.216.40,4624,Success
2026-07-01 07:02:30,amycastro,202.229.26.135,4624,Success
2026-07-01 07:04:33,rachel95,140.140.28.20,4624,Success
2026-07-01 07:05:44,timothy31,1.85.113.226,4624,Success
2026-07-01 07:06:15,michaelpayne,5.204.99.1,4624,Success
2026-07-01 07:06:33,wilsonbrandon,19.233.222.59,4624,Success
2026-07-01 07:08:13,ijohnson,178.191.171.241,4624,Success
2026-07-01 07:09:44,stokesmichael,13.212.216.20,4624,Success
2026-07-01 07:10:10,bethanyramirez,174.110.13.214,4624,Success
2026-07-01 07:10:31,ftorres,115.12.99.84,4624,Success
2026-07-01 07:11:31,riveramarie,206.150.57.71,4624,Success
2026-07-01 07:11:50,erikhicks,63.133.65.77,4624,Success
2026-07-01 07:12:03,jamesmitchell,111.180.241.51,4624,Success
2026-07-01 07:12:47,hunter29,56.242.215.242,4624,Success
2026-07-01 07:14:22,raymond44,87.243.18.15,4624,Success
2026-07-01 07:14:42,bwatts,192.204.163.28,4624,Success
2026-07-01 07:15:02,nicole88,191.198.171.247,4624,Success
2026-07-01 07:16:17,umiles,146.63.107.221,4624,Success
2026-07-01 07:19:03,sandragonzalez,18.1.117.163,4624,Success
2026-07-01 07:19:38,annaharris,218.40.121.19,4624,Success
2026-07-01 07:20:08,jacquelinetaylor,166.231.175.42,4624,Success
2026-07-01 07:20:49,charleshampton,8.248.70.155,4624,Success
2026-07-01 07:21:19,vanessahernandez,87.100.18.74,4624,Success
2026-07-01 07:21:38,michaelhiggins,79.207.98.230,4624,Success
2026-07-01 07:22:11,nicholsrobert,25.129.22.80,4624,Success
2026-07-01 07:22:52,curtisstevenson,76.196.161.89,4624,Success
2026-07-01 07:24:54,obrienchristopher,18.255.158.3,4624,Success
2026-07-01 07:25:50,welchreginald,189.215.189.141,4624,Success
2026-07-01 07:26:36,uwilliams,191.180.136.81,4624,Success
2026-07-01 07:26:38,jacqueline58,9.231.243.96,4624,Success
2026-07-01 07:26:47,leegina,181.130.40.47,4624,Success
2026-07-01 07:30:55,alexisperez,159.80.89.210,4624,Success
2026-07-01 07:32:20,mhall,93.63.164.16,4624,Success
2026-07-01 07:33:22,jamie61,95.134.16.248,4624,Success
2026-07-01 07:34:03,tiffany07,184.188.88.15,4624,Success
2026-07-01 07:35:32,kaylavaldez,126.81.76.240,4624,Success
2026-07-01 07:36:58,nicolepeters,183.129.223.97,4624,Success
2026-07-01 07:37:15,andrew59,101.55.105.215,4624,Success
2026-07-01 07:37:57,amy05,102.17.197.94,4624,Success
2026-07-01 07:38:30,bshah,152.195.17.232,4624,Success
2026-07-01 07:39:00,barnettrenee,62.230.119.91,4624,Success
2026-07-01 07:39:53,russellaaron,77.222.92.227,4624,Success
2026-07-01 07:40:06,thomas26,124.143.219.143,4624,Success
2026-07-01 07:40:26,beckertravis,116.178.184.203,4624,Success
2026-07-01 07:40:55,andrea19,215.149.159.140,4624,Success
2026-07-01 07:41:41,michaeljeffrey,73.51.6.252,4624,Success
2026-07-01 07:42:05,colleen10,161.21.128.97,4624,Success
2026-07-01 07:42:37,lawrencecolleen,122.154.204.106,4624,Success
2026-07-01 07:44:28,moorejamie,33.118.45.93,4624,Success
2026-07-01 07:44:48,ysmith,214.178.201.86,4624,Success
2026-07-01 07:45:09,oobrien,120.87.111.32,4624,Success
2026-07-01 07:46:00,williamsmitchell,63.16.33.130,4624,Success
2026-07-01 07:47:21,angelajames,82.172.255.167,4624,Success
2026-07-01 07:49:00,fjackson,175.186.140.180,4624,Success
2026-07-01 07:49:06,brownjoe,163.105.254.141,4624,Success
2026-07-01 07:49:29,gentrydavid,125.6.135.214,4624,Success
2026-07-01 07:50:59,evanvaldez,108.239.7.48,4624,Success
2026-07-01 07:51:09,yolandamoore,211.16.159.134,4624,Success
2026-07-01 07:51:13,ashley70,186.188.100.124,4624,Success
2026-07-01 07:51:17,lisalawson,194.85.100.252,4624,Success
2026-07-01 07:52:31,kimberlymarshall,88.16.87.27,4624,Success
2026-07-01 07:53:13,paulandrews,98.194.176.57,4624,Success
2026-07-01 07:53:54,james88,203.79.93.246,4624,Success
2026-07-01 07:54:27,chungtina,64.231.221.42,4624,Success
2026-07-01 07:54:45,qpatrick,50.68.20.23,4624,Success
2026-07-01 07:54:55,lharrison,75.112.89.241,4624,Success
2026-07-01 07:55:38,robertfranco,15.205.213.120,4624,Success
2026-07-01 07:56:29,wardcaroline,24.44.145.163,4624,Success
2026-07-01 07:56:34,mcconnellcorey,103.43.9.71,4624,Success
2026-07-01 07:57:00,ljones,75.187.215.129,4624,Success
2026-07-01 07:57:03,vcastro,123.225.30.175,4624,Success
2026-07-01 07:58:23,jwilliams,192.95.114.2,4624,Success
2026-07-01 07:58:58,daniellemurphy,180.189.9.208,4624,Success
2026-07-01 07:59:06,cynthia13,69.193.5.186,4624,Success
2026-07-01 08:00:01,mossnicholas,153.217.31.126,4624,Success
2026-07-01 08:00:14,matthewmorton,66.111.85.53,4624,Success
2026-07-01 08:01:11,juanboyd,197.87.2.251,4624,Success
2026-07-01 08:01:16,kurthughes,37.96.162.66,4624,Success
2026-07-01 08:01:30,jenniferyoung,118.104.171.185,4624,Success
2026-07-01 08:01:33,ztaylor,103.45.64.59,4624,Success
2026-07-01 08:02:11,miguelmunoz,43.96.99.171,4624,Success
2026-07-01 08:02:25,barnettjose,56.106.247.31,4624,Success
2026-07-01 08:02:50,dakotamorgan,132.134.29.165,4624,Success
2026-07-01 08:04:38,tjohnson,65.94.235.245,4624,Success
2026-07-01 08:04:44,elee,87.41.240.175,4624,Success
2026-07-01 08:05:33,ashleyallen,39.218.200.141,4624,Success
2026-07-01 08:06:13,jasonreyes,114.50.241.148,4624,Success
2026-07-01 08:06:41,brent60,113.193.58.176,4624,Success
2026-07-01 08:07:04,heather15,161.40.180.174,4624,Success
2026-07-01 08:07:34,gonzalezamy,212.41.252.104,4624,Success
2026-07-01 08:07:47,john34,174.254.68.122,4624,Success
2026-07-01 08:08:15,mheath,166.204.196.52,4624,Success
2026-07-01 08:09:21,jessica26,7.61.124.84,4624,Success
2026-07-01 08:09:30,tinafields,191.78.148.54,4624,Success
2026-07-01 08:09:56,gregory51,35.165.208.142,4624,Success
2026-07-01 08:10:03,angiekelley,104.58.177.179,4624,Success
2026-07-01 08:10:07,sonyabrady,140.203.84.72,4624,Success
2026-07-01 08:10:22,collinsdaniel,16.46.60.193,4624,Success
2026-07-01 08:10:50,karaolson,209.111.126.36,4624,Success
2026-07-01 08:10:54,gillchristine,119.226.205.179,4624,Success
2026-07-01 08:11:01,michael48,32.93.43.182,4624,Success
2026-07-01 08:11:21,david73,193.20.33.154,4624,Success
2026-07-01 08:11:42,nhernandez,169.243.43.51,4624,Success
2026-07-01 08:11:46,karen13,10.214.241.232,4624,Success
2026-07-01 08:13:48,kmartinez,95.221.211.62,4624,Success
2026-07-01 08:15:45,smoore,180.147.164.238,4624,Success
2026-07-01 08:16:34,vaughnryan,114.232.89.42,4624,Success
2026-07-01 08:19:02,gwalker,105.94.227.139,4624,Success
2026-07-01 08:19:16,thomas27,55.56.195.116,4624,Success
2026-07-01 08:19:18,hughesrobert,5.242.41.110,4624,Success
2026-07-01 08:19:20,ramirezalexandria,88.89.247.108,4624,Success
2026-07-01 08:19:31,henrydaniel,89.23.109.204,4624,Success
2026-07-01 08:19:32,wrightmargaret,135.48.241.228,4624,Success
2026-07-01 08:19:49,ashleyhull,173.251.180.142,4624,Success
2026-07-01 08:21:01,derekrodriguez,95.129.175.183,4624,Success
2026-07-01 08:21:15,grimesdalton,41.158.229.85,4624,Success
2026-07-01 08:21:58,steven62,122.160.95.71,4624,Success
2026-07-01 08:22:29,jessicalambert,121.104.9.113,4624,Success
2026-07-01 08:22:46,courtney14,205.233.15.36,4624,Success
2026-07-01 08:24:08,patricia40,83.137.229.37,4624,Success
2026-07-01 08:24:32,graveshannah,102.243.219.169,4624,Success
2026-07-01 08:25:21,smithgary,140.198.187.179,4624,Success
2026-07-01 08:25:44,steinkevin,215.19.73.150,4624,Success
2026-07-01 08:26:08,lauren71,27.162.126.214,4624,Success
2026-07-01 08:26:49,wardchristina,107.138.12.121,4624,Success
2026-07-01 08:26:59,angelahenderson,69.235.116.26,4624,Success
2026-07-01 08:28:43,tylerperkins,193.216.218.109,4624,Success
2026-07-01 08:29:10,riveralauren,205.24.4.72,4624,Success
2026-07-01 08:29:47,alexanderanthony,105.38.221.118,4624,Success
2026-07-01 08:30:27,fzhang,23.110.192.123,4624,Success
2026-07-01 08:33:18,brandon56,104.83.188.7,4624,Success
2026-07-01 08:33:48,willisashley,111.214.116.227,4624,Success
2026-07-01 08:34:31,bjenkins,136.143.210.173,4624,Success
2026-07-01 08:34:34,ngomez,168.130.201.230,4624,Success
2026-07-01 08:34:52,bbooth,53.251.250.42,4624,Success
2026-07-01 08:34:54,connie53,62.46.34.129,4624,Success
2026-07-01 08:35:25,debramurillo,190.39.13.167,4624,Success
2026-07-01 08:35:34,alawson,96.183.67.130,4624,Success
2026-07-01 08:36:43,etorres,153.237.188.8,4624,Success
2026-07-01 08:38:15,melissatapia,177.52.229.34,4624,Success
2026-07-01 08:38:53,belinda32,158.137.188.186,4624,Success
2026-07-01 08:39:11,jessica68,62.38.142.153,4624,Success
2026-07-01 08:39:13,wilsonmorgan,12.197.49.68,4624,Success
2026-07-01 08:39:22,melissarussell,159.104.207.117,4624,Success
2026-07-01 08:40:28,alexanderstevens,1.70.50.207,4624,Success
2026-07-01 08:41:43,julia05,76.152.0.200,4624,Success
2026-07-01 08:42:52,rossjamie,81.74.179.208,4624,Success
2026-07-01 08:43:24,pklein,109.103.200.96,4624,Success
2026-07-01 08:44:01,ashleyli,61.174.201.196,4624,Success
2026-07-01 08:45:50,tammy64,39.230.137.106,4624,Success
2026-07-01 08:45:56,nancywolf,100.233.158.98,4624,Success
2026-07-01 08:46:51,zacharywilson,209.39.181.77,4624,Success
2026-07-01 08:47:23,ohouse,181.129.163.57,4624,Success
2026-07-01 08:47:35,miranda56,126.123.48.102,4624,Success
2026-07-01 08:47:48,jday,215.188.63.106,4624,Success
2026-07-01 08:47:50,forbesjames,191.167.136.186,4624,Success
2026-07-01 08:48:00,lindsay69,198.88.216.161,4624,Success
2026-07-01 08:49:07,ashley91,146.188.57.167,4624,Success
2026-07-01 08:50:39,mark58,30.119.124.123,4624,Success
2026-07-01 08:51:25,tammyburke,82.114.241.233,4624,Success
2026-07-01 08:51:47,patricia59,4.73.113.216,4624,Success
2026-07-01 08:52:58,daviesshelby,117.136.44.74,4624,Success
2026-07-01 08:54:11,njohnson,183.238.253.213,4624,Success
2026-07-01 08:54:47,vaughnjennifer,147.77.70.69,4624,Success
2026-07-01 08:55:33,stephenadams,108.188.118.92,4624,Success
2026-07-01 08:56:01,iwilliams,4.196.100.85,4624,Success
2026-07-01 08:56:03,lori64,164.210.11.175,4624,Success
2026-07-01 08:57:55,gonzalezcesar,16.206.41.237,4624,Success
2026-07-01 08:58:06,janet44,15.13.229.85,4624,Success
2026-07-01 08:58:34,turnerjohn,37.111.168.148,4624,Success
2026-07-01 08:58:58,vbell,13.172.61.203,4624,Success
2026-07-01 08:58:59,kimberlycoleman,48.94.213.68,4624,Success
2026-07-01 08:59:12,andrew11,23.154.146.215,4624,Success
2026-07-01 08:59:23,chenkevin,195.180.221.189,4624,Success
2026-07-01 08:59:34,derekwong,185.29.88.85,4624,Success
2026-07-01 08:59:54,pchaney,144.215.53.33,4624,Success
2026-07-01 09:00:09,jamesdaniel,157.162.210.168,4624,Success
2026-07-01 09:01:01,csimmons,199.185.161.138,4624,Success
2026-07-01 09:01:35,gloria96,10.183.11.134,4624,Success
2026-07-01 09:01:51,hardymaria,191.208.163.161,4624,Success
2026-07-01 09:02:10,christine77,29.191.211.126,4624,Success
2026-07-01 09:02:21,christianbrian,223.255.252.139,4624,Success
2026-07-01 09:02:43,jenniferrush,200.27.214.65,4624,Success
2026-07-01 09:03:01,christiansmith,219.49.70.198,4624,Success
2026-07-01 09:03:04,angelhenry,116.52.7.61,4624,Success
2026-07-01 09:05:26,castillochristopher,101.32.84.38,4624,Success
2026-07-01 09:05:35,steven65,132.126.117.209,4624,Success
2026-07-01 09:05:39,brendaatkinson,64.38.146.77,4624,Success
2026-07-01 09:06:02,catherine56,202.49.196.175,4624,Success
2026-07-01 09:06:23,charleslynch,89.168.147.100,4624,Success
2026-07-01 09:07:16,millerjohnny,178.6.122.143,4624,Success
2026-07-01 09:07:54,phelpssarah,10.231.143.231,4624,Success
2026-07-01 09:08:00,lpowers,37.245.197.148,4624,Success
2026-07-01 09:08:10,josephfernandez,114.43.151.77,4624,Success
2026-07-01 09:08:36,wilsonchase,100.141.112.211,4624,Success
2026-07-01 09:08:45,antonioharris,24.68.67.28,4624,Success
2026-07-01 09:10:29,lisa21,57.250.197.16,4624,Success
2026-07-01 09:11:43,ramirezsarah,21.175.207.0,4624,Success
2026-07-01 09:14:01,ywilson,83.143.97.49,4624,Success
2026-07-01 09:17:15,vbailey,147.238.170.2,4624,Success
2026-07-01 09:20:51,amyperkins,163.172.57.78,4624,Success
2026-07-01 09:22:36,pdunlap,31.250.201.241,4624,Success
2026-07-01 09:23:01,osawyer,219.122.70.32,4624,Success
2026-07-01 09:23:10,wbutler,113.254.72.30,4624,Success
2026-07-01 09:23:16,rebeccaalvarez,72.15.151.234,4624,Success
2026-07-01 09:24:21,jeremy95,75.110.13.184,4624,Success
2026-07-01 09:25:07,rsmith,136.81.42.208,4624,Success
2026-07-01 09:25:14,meyersmorgan,106.207.173.192,4624,Success
2026-07-01 09:26:01,qwilson,61.235.207.242,4624,Success
2026-07-01 09:26:07,nicole71,171.103.251.95,4624,Success
2026-07-01 09:26:36,yangtheresa,168.13.11.17,4624,Success
2026-07-01 09:26:44,kenneth42,145.135.44.216,4624,Success
2026-07-01 09:26:47,nathan64,206.201.191.29,4624,Success
2026-07-01 09:27:05,fbarton,44.154.220.48,4624,Success
2026-07-01 09:27:24,jenniferlucero,180.147.131.76,4624,Success
2026-07-01 09:27:25,brenda27,169.119.235.153,4624,Success
2026-07-01 09:27:26,tammy82,51.54.37.75,4624,Success
2026-07-01 09:27:38,sanchezjordan,110.23.124.158,4624,Success
2026-07-01 09:27:54,spenceamy,219.30.2.171,4624,Success
2026-07-01 09:29:16,pnash,86.141.2.233,4624,Success
2026-07-01 09:30:10,loganwright,118.123.83.206,4624,Success
2026-07-01 09:30:10,zmartinez,179.136.217.66,4624,Success
2026-07-01 09:30:59,randolphdillon,43.129.20.191,4624,Success
2026-07-01 09:31:17,shelly00,53.237.164.136,4624,Success
2026-07-01 09:35:38,qchambers,187.74.121.187,4624,Success
2026-07-01 09:35:50,ejacobson,123.98.145.92,4624,Success
2026-07-01 09:35:51,pgarcia,153.239.78.252,4624,Success
2026-07-01 09:36:04,vanessahuff,16.15.203.8,4624,Success
2026-07-01 09:37:27,xoneill,217.42.188.55,4624,Success
2026-07-01 09:37:56,donaldsonlauren,30.197.98.230,4624,Success
2026-07-01 09:38:10,phillipsheather,162.194.83.197,4624,Success
2026-07-01 09:38:17,sarahmendoza,54.77.174.163,4624,Success
2026-07-01 09:39:48,herringchristopher,197.141.144.44,4624,Success
2026-07-01 09:40:21,jessicabrooks,189.88.242.172,4624,Success
2026-07-01 09:40:24,ashleyfox,214.157.216.64,4624,Success
2026-07-01 09:41:55,karen12,203.206.137.179,4624,Success
2026-07-01 09:44:18,uscott,96.75.249.207,4624,Success
2026-07-01 09:44:41,nelsonmiranda,60.113.75.24,4624,Success
2026-07-01 09:45:16,kwatson,182.128.127.171,4624,Success
2026-07-01 09:45:20,adamrobles,58.245.181.34,4624,Success
2026-07-01 09:45:26,flowerschristopher,57.110.37.88,4624,Success
2026-07-01 09:45:58,chadburgess,27.156.184.162,4624,Success
2026-07-01 09:46:00,andreahughes,40.248.33.134,4624,Success
2026-07-01 09:46:12,wallacegarrett,100.212.56.164,4624,Success
2026-07-01 09:46:35,jill06,24.145.70.151,4624,Success
2026-07-01 09:48:04,rodneyhess,110.169.25.90,4624,Success
2026-07-01 09:48:28,christian26,69.196.89.137,4624,Success
2026-07-01 09:48:37,pamela92,220.70.162.231,4624,Success
2026-07-01 09:48:40,yfisher,196.230.246.163,4624,Success
2026-07-01 09:48:52,haleykatherine,201.150.177.22,4624,Success
2026-07-01 09:48:56,samantha24,177.79.206.66,4624,Success
2026-07-01 09:50:07,jlozano,22.59.109.247,4624,Success
2026-07-01 09:51:56,wmartin,14.175.9.236,4624,Success
2026-07-01 09:52:52,darrenjackson,72.45.152.85,4624,Success
2026-07-01 09:53:19,hritter,153.79.161.75,4624,Success
2026-07-01 09:53:49,vtrevino,98.189.50.130,4624,Success
2026-07-01 09:54:27,laurenwong,126.146.213.19,4624,Success
2026-07-01 09:54:32,eric72,105.88.43.166,4624,Success
2026-07-01 09:54:42,rosalessteven,105.32.193.169,4624,Success
2026-07-01 09:55:47,msharp,23.22.44.71,4624,Success
2026-07-01 09:55:50,lwaller,220.178.60.237,4624,Success
2026-07-01 09:55:59,makayla26,130.113.134.64,4624,Success
2026-07-01 09:57:13,clarsen,71.94.219.101,4624,Success
2026-07-01 09:58:18,mpayne,174.228.40.31,4624,Success
2026-07-01 09:58:31,nwiley,184.6.180.114,4624,Success
2026-07-01 09:59:11,scoleman,130.116.4.230,4624,Success
2026-07-01 09:59:48,cindytorres,123.254.160.51,4624,Success
2026-07-01 10:00:07,gabrielle77,13.85.66.33,4624,Success
2026-07-01 10:00:14,robertpalmer,152.225.189.254,4624,Success
2026-07-01 10:00:21,kenneth12,185.22.44.10,4625,Failed
2026-07-01 10:00:38,jonathan36,163.9.36.127,4624,Success
2026-07-01 10:00:48,george87,185.22.44.10,4625,Failed
2026-07-01 10:01:01,hoffmanjason,185.22.44.10,4625,Failed
2026-07-01 10:01:28,ryan18,101.245.146.92,4624,Success
2026-07-01 10:01:29,hayleychung,185.22.44.10,4625,Failed
2026-07-01 10:01:44,rcrawford,185.22.44.10,4625,Failed
2026-07-01 10:01:56,jonesheather,185.22.44.10,4625,Failed
2026-07-01 10:02:17,kendrathomas,185.22.44.10,4625,Failed
2026-07-01 10:02:42,steve69,185.22.44.10,4625,Failed
2026-07-01 10:03:08,peaton,185.22.44.10,4625,Failed
2026-07-01 10:03:25,christine64,185.22.44.10,4625,Failed
2026-07-01 10:03:40,coopersharon,185.22.44.10,4625,Failed
2026-07-01 10:03:53,mcdonaldlaura,185.22.44.10,4625,Failed
2026-07-01 10:04:02,andrew61,31.4.144.210,4624,Success
2026-07-01 10:04:09,andrewsjeremiah,168.67.143.220,4624,Success
2026-07-01 10:04:21,russellsamuel,185.22.44.10,4625,Failed
2026-07-01 10:04:39,psalinas,185.22.44.10,4625,Failed
2026-07-01 10:05:13,debbiewoods,185.22.44.10,4625,Failed
2026-07-01 10:05:29,dneal,185.22.44.10,4625,Failed
2026-07-01 10:05:41,andrewbriggs,76.238.131.245,4624,Success
2026-07-01 10:05:52,christopher14,185.22.44.10,4625,Failed
2026-07-01 10:06:06,smithryan,185.22.44.10,4625,Failed
2026-07-01 10:06:26,amandamartin,185.22.44.10,4625,Failed
2026-07-01 10:06:55,theodore92,185.22.44.10,4625,Failed
2026-07-01 10:06:56,leemelissa,37.1.145.110,4624,Success
2026-07-01 10:07:11,leelarry,8.132.14.90,4624,Success
2026-07-01 10:07:13,campbellmichael,185.22.44.10,4625,Failed
2026-07-01 10:07:35,pbowen,185.22.44.10,4625,Failed
2026-07-01 10:08:02,harringtonbianca,185.22.44.10,4625,Failed
2026-07-01 10:08:25,allison44,185.22.44.10,4625,Failed
2026-07-01 10:08:46,bgarrison,185.22.44.10,4625,Failed
2026-07-01 10:08:57,andrea37,205.242.87.25,4624,Success
2026-07-01 10:09:11,michaelelliott,6.106.93.171,4624,Success
2026-07-01 10:09:17,ntaylor,185.22.44.10,4624,Success
2026-07-01 10:09:55,grantjoshua,66.9.225.20,4624,Success
2026-07-01 10:10:04,kellyball,12.138.137.58,4624,Success
2026-07-01 10:10:06,halljessica,217.115.28.232,4624,Success
2026-07-01 10:10:30,melissa83,71.228.197.28,4624,Success
2026-07-01 10:11:00,mcollins,128.70.119.160,4624,Success
2026-07-01 10:11:11,hardywhitney,65.13.255.140,4624,Success
2026-07-01 10:12:07,weisssusan,72.3.239.93,4624,Success
2026-07-01 10:12:10,christopher79,97.69.233.78,4624,Success
2026-07-01 10:13:36,rodneywilliams,183.231.194.38,4624,Success
2026-07-01 10:14:30,wwashington,221.187.82.123,4624,Success
2026-07-01 10:15:53,stephensdiana,152.233.168.213,4624,Success
2026-07-01 10:16:12,keith33,67.42.60.104,4624,Success
2026-07-01 10:16:40,angela41,207.11.67.93,4624,Success
2026-07-01 10:18:24,kimberly58,147.210.106.159,4624,Success
2026-07-01 10:21:35,nhoover,3.144.172.28,4624,Success
2026-07-01 10:22:01,xhaas,29.24.198.175,4624,Success
2026-07-01 10:23:08,roger73,105.248.15.151,4624,Success
2026-07-01 10:25:32,diazamanda,118.22.118.62,4624,Success
2026-07-01 10:25:44,dlong,118.17.248.200,4624,Success
2026-07-01 10:28:45,ryanjennifer,218.98.245.93,4624,Success
2026-07-01 10:29:22,joshua86,27.22.147.55,4624,Success
2026-07-01 10:30:25,brianblack,149.167.141.190,4624,Success
2026-07-01 10:30:37,ncooper,192.98.232.179,4624,Success
2026-07-01 10:31:20,grussell,108.188.30.173,4624,Success
2026-07-01 10:31:49,nathan98,99.183.248.44,4624,Success
2026-07-01 10:32:22,gracemunoz,30.133.12.105,4624,Success
2026-07-01 10:33:07,orivera,71.189.109.37,4624,Success
2026-07-01 10:33:11,drobinson,223.34.184.75,4624,Success
2026-07-01 10:33:24,patrickjenna,188.10.26.71,4624,Success
2026-07-01 10:34:01,tgarcia,199.194.135.94,4624,Success
2026-07-01 10:35:00,khernandez,77.67.122.138,4624,Success
2026-07-01 10:35:05,thomas10,138.49.149.239,4624,Success
2026-07-01 10:35:27,jennifer15,7.81.141.232,4624,Success
2026-07-01 10:35:57,owenxavier,161.156.27.209,4624,Success
2026-07-01 10:37:16,luis92,213.247.84.45,4624,Success
2026-07-01 10:37:26,jerrydurham,173.31.103.54,4624,Success
2026-07-01 10:37:30,kcampbell,204.170.218.62,4624,Success
2026-07-01 10:38:19,vanessasmith,91.105.29.244,4624,Success
2026-07-01 10:38:58,rjohnson,69.66.255.156,4624,Success
2026-07-01 10:40:57,judymitchell,8.73.74.203,4624,Success
2026-07-01 10:41:55,lgibson,152.160.51.155,4624,Success
2026-07-01 10:42:35,jessicagordon,146.147.220.76,4624,Success
2026-07-01 10:44:00,kyledixon,189.0.160.226,4624,Success
2026-07-01 10:46:27,sharon69,198.144.39.105,4624,Success
2026-07-01 10:46:41,kristinarobinson,121.140.189.189,4624,Success
2026-07-01 10:47:03,amanda26,58.61.110.13,4624,Success
2026-07-01 10:47:24,mrivers,193.69.82.199,4624,Success
2026-07-01 10:48:05,njackson,180.252.210.8,4624,Success
2026-07-01 10:48:44,bchung,77.97.214.171,4624,Success
2026-07-01 10:49:28,williamscynthia,74.243.217.79,4624,Success
2026-07-01 10:50:34,alyssajohnson,72.84.141.154,4624,Success
2026-07-01 10:50:48,patrick38,75.42.8.38,4624,Success
2026-07-01 10:51:04,douglaslopez,13.136.227.79,4624,Success
2026-07-01 10:51:42,jonathansummers,181.84.123.190,4624,Success
2026-07-01 10:51:57,jillianmiller,91.25.5.182,4624,Success
2026-07-01 10:52:04,blackwellmiranda,18.246.192.11,4624,Success
2026-07-01 10:52:28,belindagibson,33.40.242.196,4624,Success
2026-07-01 10:52:59,sarah07,88.80.75.40,4624,Success
2026-07-01 10:53:12,jennifer06,166.211.29.238,4624,Success
2026-07-01 10:53:25,gary11,77.15.222.250,4624,Success
2026-07-01 10:53:31,wruiz,98.214.106.199,4624,Success
2026-07-01 10:56:24,davidmills,160.188.248.174,4624,Success
2026-07-01 10:56:54,tshaw,106.236.190.43,4624,Success
2026-07-01 10:57:00,robin23,23.36.154.113,4624,Success
2026-07-01 10:57:29,ocurtis,103.216.108.235,4624,Success
2026-07-01 10:58:23,gdavis,5.236.17.197,4624,Success
2026-07-01 11:01:53,carollester,189.75.91.69,4624,Success
2026-07-01 11:04:23,ashleywilliams,119.133.240.126,4624,Success
2026-07-01 11:07:16,emily25,162.248.198.159,4624,Success
2026-07-01 11:07:45,bjones,45.243.238.35,4624,Success
2026-07-01 11:07:59,lisa84,65.185.91.230,4624,Success
2026-07-01 11:08:04,xfrost,83.76.13.129,4624,Success
2026-07-01 11:08:11,gutierrezwilliam,58.77.88.87,4624,Success
2026-07-01 11:12:01,qcooper,30.205.137.244,4624,Success
2026-07-01 11:12:15,daniel17,119.3.1.205,4624,Success
2026-07-01 11:12:43,frankkevin,159.87.3.45,4624,Success
2026-07-01 11:12:52,amyrivera,177.172.120.173,4624,Success
2026-07-01 11:14:41,hendersondiana,123.83.152.37,4624,Success
2026-07-01 11:14:43,lorraine56,187.197.66.41,4624,Success
2026-07-01 11:14:56,brett37,120.233.131.152,4624,Success
2026-07-01 11:16:48,lukegarza,20.200.236.20,4624,Success
2026-07-01 11:17:14,vweaver,163.65.112.144,4624,Success
2026-07-01 11:18:38,bsmith,19.176.221.39,4624,Success
2026-07-01 11:18:45,moodyelizabeth,50.179.211.170,4624,Success
2026-07-01 11:19:19,christinegill,123.161.83.88,4624,Success
2026-07-01 11:19:24,geraldhenry,66.230.116.101,4624,Success
2026-07-01 11:20:54,david84,30.239.80.191,4624,Success
2026-07-01 11:20:59,hrobinson,14.201.127.222,4624,Success
2026-07-01 11:21:08,carlsonkaren,88.63.181.37,4624,Success
2026-07-01 11:21:11,cbrady,155.3.152.9,4624,Success
2026-07-01 11:21:17,julie71,95.96.61.191,4624,Success
2026-07-01 11:22:04,brittany96,38.19.42.232,4624,Success
2026-07-01 11:22:25,rtorres,160.203.208.131,4624,Success
2026-07-01 11:24:38,byoder,24.219.111.164,4624,Success
2026-07-01 11:25:05,wknox,72.222.24.69,4624,Success
2026-07-01 11:26:40,foxjason,59.36.140.85,4624,Success
2026-07-01 11:29:32,martinezchristopher,42.141.62.104,4624,Success
2026-07-01 11:29:44,pamela73,96.90.1.243,4624,Success
2026-07-01 11:29:59,patrickbrian,147.47.74.132,4624,Success
2026-07-01 11:31:08,williamhall,49.198.193.18,4624,Success
2026-07-01 11:32:39,kedwards,86.145.94.147,4624,Success
2026-07-01 11:33:06,christianhector,52.0.34.185,4624,Success
2026-07-01 11:33:15,campbellsarah,81.195.97.96,4624,Success
2026-07-01 11:33:26,schmidtmark,193.180.205.134,4624,Success
2026-07-01 11:33:58,jonesjesse,166.202.85.29,4624,Success
2026-07-01 11:34:14,hutchinsonmegan,16.53.232.176,4624,Success
2026-07-01 11:34:33,ysilva,4.20.72.195,4624,Success
2026-07-01 11:35:18,mendezmichael,58.173.202.8,4624,Success
2026-07-01 11:35:47,gilessteven,25.215.69.118,4624,Success
2026-07-01 11:36:20,richardgonzalez,18.12.30.180,4624,Success
2026-07-01 11:37:36,john00,155.209.88.38,4624,Success
2026-07-01 11:38:00,brianmolina,88.17.110.203,4624,Success
2026-07-01 11:38:59,rday,162.235.74.166,4624,Success
2026-07-01 11:39:07,renee92,204.105.253.195,4624,Success
2026-07-01 11:41:06,stephanie94,223.10.84.77,4624,Success
2026-07-01 11:41:43,kenneth63,198.67.242.64,4624,Success
2026-07-01 11:41:48,rgillespie,35.217.200.111,4624,Success
2026-07-01 11:42:13,cordovabrandy,78.249.171.99,4624,Success
2026-07-01 11:42:17,murrayjessica,172.216.194.147,4624,Success
2026-07-01 11:42:41,srogers,214.253.52.118,4624,Success
2026-07-01 11:43:44,jennifer89,14.240.179.116,4624,Success
2026-07-01 11:44:42,woodssteven,7.56.119.75,4624,Success
2026-07-01 11:44:48,travisronald,10.164.246.66,4624,Success
2026-07-01 11:45:12,thomascherry,70.206.3.15,4624,Success
2026-07-01 11:45:31,joshua68,118.115.235.85,4624,Success
2026-07-01 11:45:53,lisaparker,100.217.245.102,4624,Success
2026-07-01 11:46:19,wburton,37.198.65.194,4624,Success
2026-07-01 11:46:44,kbuchanan,215.95.88.123,4624,Success
2026-07-01 11:48:25,petersontodd,223.186.46.115,4624,Success
2026-07-01 11:48:39,floresamanda,167.31.232.87,4624,Success
2026-07-01 11:49:37,christine52,146.91.168.223,4624,Success
2026-07-01 11:50:46,zmorris,152.91.231.243,4624,Success
2026-07-01 11:50:47,cathy70,66.179.13.251,4624,Success
2026-07-01 11:51:57,scottrogers,170.21.81.223,4624,Success
2026-07-01 11:53:20,jared14,26.113.139.226,4624,Success
2026-07-01 11:54:14,gsanchez,137.81.228.9,4624,Success
2026-07-01 11:55:19,cheryl27,209.27.211.168,4624,Success
2026-07-01 11:55:39,anthony36,45.137.237.101,4624,Success
2026-07-01 11:55:54,melissa28,115.191.108.215,4624,Success
2026-07-01 11:55:56,juliehunt,35.31.141.110,4624,Success
2026-07-01 11:56:21,davidmcconnell,137.101.110.90,4624,Success
2026-07-01 11:56:50,jeremyfreeman,187.103.188.122,4624,Success
2026-07-01 11:58:33,qweiss,146.67.154.53,4624,Success
2026-07-01 12:00:21,alec67,142.18.128.65,4624,Success
2026-07-01 12:01:07,jfrye,121.96.178.68,4624,Success
2026-07-01 12:01:45,antonio67,223.185.64.230,4624,Success
2026-07-01 12:02:35,marie54,161.43.71.0,4624,Success
2026-07-01 12:03:12,ztaylor,132.234.163.184,4624,Success
2026-07-01 12:05:54,carranna,123.213.207.195,4624,Success
2026-07-01 12:06:48,tylerberry,201.88.125.135,4624,Success
2026-07-01 12:07:00,chelsea11,3.220.239.0,4624,Success
2026-07-01 12:07:26,gregory53,76.45.138.80,4624,Success
2026-07-01 12:07:29,chelsea68,212.119.251.192,4624,Success
2026-07-01 12:08:45,castilloroger,64.1.15.59,4624,Success
2026-07-01 12:09:08,fwoods,84.119.131.119,4624,Success
2026-07-01 12:09:15,holtpaul,54.183.201.27,4624,Success
2026-07-01 12:09:55,annrodriguez,115.67.151.235,4624,Success
2026-07-01 12:10:03,bellrachel,131.10.199.202,4624,Success
2026-07-01 12:10:24,atkinsjohn,37.37.48.205,4624,Success
2026-07-01 12:10:35,bradley80,29.221.202.103,4624,Success
2026-07-01 12:11:05,williamswayne,6.247.155.237,4624,Success
2026-07-01 12:11:45,davidhenderson,204.253.7.133,4624,Success
2026-07-01 12:12:02,jonesmary,210.165.1.81,4624,Success
2026-07-01 12:12:23,tbrown,156.101.71.159,4624,Success
2026-07-01 12:13:03,roy34,76.135.99.232,4624,Success
2026-07-01 12:13:45,paul49,28.91.25.237,4624,Success
2026-07-01 12:15:01,denise75,35.75.50.204,4624,Success
2026-07-01 12:15:39,colleensimon,66.237.61.199,4624,Success
2026-07-01 12:16:14,qholt,52.226.172.23,4624,Success
2026-07-01 12:16:25,drewvaldez,99.98.36.221,4624,Success
2026-07-01 12:16:37,moniquetownsend,23.62.4.188,4624,Success
2026-07-01 12:17:34,cheryljohnson,66.91.69.173,4624,Success
2026-07-01 12:17:36,millsdavid,30.20.226.135,4624,Success
2026-07-01 12:17:54,chadfreeman,124.123.100.210,4624,Success
2026-07-01 12:18:05,dominiquewilliams,27.199.14.228,4624,Success
2026-07-01 12:18:38,williamhoward,124.5.46.84,4624,Success
2026-07-01 12:19:40,fernandezjon,165.151.55.52,4624,Success
2026-07-01 12:20:10,kathleen33,137.222.87.64,4624,Success
2026-07-01 12:20:44,chelseacruz,195.62.168.212,4624,Success
2026-07-01 12:20:47,erika60,65.43.221.43,4624,Success
2026-07-01 12:21:17,ingrammatthew,170.143.111.43,4624,Success
2026-07-01 12:24:17,msmith,96.74.59.241,4624,Success
2026-07-01 12:25:08,jamesmario,36.40.238.156,4624,Success
2026-07-01 12:25:52,matthew26,82.24.86.94,4624,Success
2026-07-01 12:27:27,kingamy,222.81.207.27,4624,Success
2026-07-01 12:27:41,andreperez,178.251.179.125,4624,Success
2026-07-01 12:27:59,uacosta,101.49.255.217,4624,Success
2026-07-01 12:28:19,melissa82,151.249.97.65,4624,Success
2026-07-01 12:28:33,georgejohn,72.107.68.49,4624,Success
2026-07-01 12:28:59,marcus11,184.9.202.13,4624,Success
2026-07-01 12:29:12,ltorres,167.175.194.255,4624,Success
2026-07-01 12:30:07,harrisonsierra,14.149.228.81,4624,Success
2026-07-01 12:30:27,shelbygarza,142.60.222.106,4624,Success
2026-07-01 12:31:01,danielle62,203.23.183.140,4624,Success
2026-07-01 12:31:30,phall,147.138.72.150,4624,Success
2026-07-01 12:32:02,brookewilson,92.102.104.7,4624,Success
2026-07-01 12:32:35,zsmith,91.129.117.195,4624,Success
2026-07-01 12:33:55,kristine86,179.26.114.104,4624,Success
2026-07-01 12:34:03,steven26,77.187.111.96,4624,Success
2026-07-01 12:34:30,shannonhodges,205.42.120.64,4624,Success
2026-07-01 12:34:33,isaac29,115.114.225.78,4624,Success
2026-07-01 12:34:38,destinydelacruz,133.221.83.46,4624,Success
2026-07-01 12:35:08,akim,23.103.146.137,4624,Success
2026-07-01 12:35:08,zgates,201.12.127.217,4624,Success
2026-07-01 12:35:23,shawn77,216.32.4.177,4624,Success
2026-07-01 12:35:34,hillbrian,79.237.31.175,4624,Success
2026-07-01 12:35:43,xturner,205.220.1.116,4624,Success
2026-07-01 12:36:34,tapiapamela,67.156.140.215,4624,Success
2026-07-01 12:36:35,steven06,173.139.65.158,4624,Success
2026-07-01 12:37:06,chadreed,79.142.18.192,4624,Success
2026-07-01 12:37:09,lukereid,132.234.86.212,4624,Success
2026-07-01 12:37:44,daycheyenne,177.116.166.207,4624,Success
2026-07-01 12:40:13,james05,109.94.215.164,4624,Success
2026-07-01 12:40:28,moralesleslie,110.212.195.164,4624,Success
2026-07-01 12:42:03,robert44,66.169.133.32,4624,Success
2026-07-01 12:43:05,zfranklin,123.84.124.116,4624,Success
2026-07-01 12:47:47,christine75,17.119.63.165,4624,Success
2026-07-01 12:49:12,ryandickerson,122.173.149.253,4624,Success
2026-07-01 12:49:29,zmay,52.96.141.15,4624,Success
2026-07-01 12:49:58,marioramirez,162.68.57.197,4624,Success
2026-07-01 12:50:36,ericacosta,50.37.169.137,4624,Success
2026-07-01 12:50:48,lwashington,147.112.30.237,4624,Success
2026-07-01 12:50:52,ericmitchell,173.193.124.177,4624,Success
2026-07-01 12:51:15,schultzcindy,58.64.89.140,4624,Success
2026-07-01 12:51:48,shane47,155.233.108.212,4624,Success
2026-07-01 12:53:17,xstone,36.103.204.21,4624,Success
2026-07-01 12:53:18,colonkristine,50.218.130.201,4624,Success
2026-07-01 12:53:35,awalker,221.22.198.184,4624,Success
2026-07-01 12:54:06,jjones,142.150.170.128,4624,Success
2026-07-01 12:54:21,kimmartin,5.148.29.105,4624,Success
2026-07-01 12:55:42,williamskevin,35.154.51.55,4624,Success
2026-07-01 12:58:15,lisa56,186.116.194.82,4624,Success
2026-07-01 12:58:25,harrispamela,105.56.234.226,4624,Success
2026-07-01 12:58:33,elizabethroberts,125.175.155.47,4624,Success
2026-07-01 12:58:55,zgreen,18.119.154.197,4624,Success
2026-07-01 13:01:45,hstafford,56.248.76.99,4624,Success
2026-07-01 13:01:51,grichards,219.191.110.131,4624,Success
2026-07-01 13:02:27,jameswilliams,65.165.135.98,4624,Success
2026-07-01 13:03:49,meagansmith,218.78.107.2,4624,Success
2026-07-01 13:04:13,joneskathryn,122.41.77.59,4624,Success
2026-07-01 13:04:20,pachecobrian,25.91.195.254,4624,Success
2026-07-01 13:04:34,jeffreylee,137.34.17.58,4624,Success
2026-07-01 13:04:37,rebeccadillon,187.55.222.171,4624,Success
2026-07-01 13:05:17,johnlee,218.1.32.252,4624,Success
2026-07-01 13:05:41,jasmine86,178.183.232.110,4624,Success
2026-07-01 13:05:50,qbrown,87.254.33.151,4624,Success
2026-07-01 13:06:45,becky38,175.40.188.126,4624,Success
2026-07-01 13:07:08,howard07,27.250.14.15,4624,Success
2026-07-01 13:07:26,larrywallace,71.137.88.151,4624,Success
2026-07-01 13:08:47,christopher10,206.71.217.44,4624,Success
2026-07-01 13:08:47,glittle,92.9.102.203,4624,Success
2026-07-01 13:08:51,saraevans,142.212.168.26,4624,Success
2026-07-01 13:09:06,amanda37,70.177.190.197,4624,Success
2026-07-01 13:09:47,tgreen,123.154.27.243,4624,Success
2026-07-01 13:10:01,melinda49,16.47.161.89,4624,Success
2026-07-01 13:10:04,christensendonna,7.31.74.229,4624,Success
2026-07-01 13:10:10,wattsdonna,129.1.177.24,4624,Success
2026-07-01 13:12:00,toddsmith,100.15.54.246,4624,Success
2026-07-01 13:12:13,tonyahenry,119.215.190.60,4624,Success
2026-07-01 13:12:13,brett65,176.19.58.103,4624,Success
2026-07-01 13:12:17,sherrera,158.180.7.170,4624,Success
2026-07-01 13:12:29,elizabetholsen,98.157.19.220,4624,Success
2026-07-01 13:13:48,ymontgomery,75.246.232.71,4624,Success
2026-07-01 13:15:01,austin98,26.177.194.248,4624,Success
2026-07-01 13:15:17,olsonaustin,44.8.210.67,4624,Success
2026-07-01 13:16:04,daisynichols,66.56.213.210,4624,Success
2026-07-01 13:16:06,rpitts,106.179.119.209,4624,Success
2026-07-01 13:16:13,gjones,180.59.14.37,4624,Success
2026-07-01 13:16:49,tdudley,150.227.153.36,4624,Success
2026-07-01 13:18:12,williampatel,119.223.84.44,4624,Success
2026-07-01 13:18:54,amy75,112.61.247.11,4624,Success
2026-07-01 13:18:59,graytanya,175.25.137.135,4624,Success
2026-07-01 13:20:46,frank61,176.60.42.122,4624,Success
2026-07-01 13:21:00,paulwilliams,86.3.221.241,4624,Success
2026-07-01 13:21:10,stevenmathews,43.236.175.121,4624,Success
2026-07-01 13:21:56,nixonstephen,166.41.49.85,4624,Success
2026-07-01 13:22:20,fryetony,122.210.120.109,4624,Success
2026-07-01 13:23:00,smithrobert,78.115.130.61,4624,Success
2026-07-01 13:23:21,wmccarthy,35.195.142.65,4624,Success
2026-07-01 13:23:22,paynedylan,128.168.220.56,4624,Success
2026-07-01 13:23:28,hendersonstephanie,206.31.111.152,4624,Success
2026-07-01 13:23:38,angelica97,112.47.229.220,4624,Success
2026-07-01 13:25:08,moorestephanie,6.209.108.6,4624,Success
2026-07-01 13:25:31,micheal05,68.83.189.77,4624,Success
2026-07-01 13:26:25,wrightbradley,183.137.30.130,4624,Success
2026-07-01 13:26:55,robertwalker,183.179.174.91,4624,Success
2026-07-01 13:28:29,josephmorris,29.135.96.31,4624,Success
2026-07-01 13:28:38,john32,55.5.3.237,4624,Success
2026-07-01 13:28:39,ilewis,9.149.239.75,4624,Success
2026-07-01 13:29:42,silvaapril,194.217.247.23,4624,Success
2026-07-01 13:30:48,luis73,14.166.51.152,4624,Success
2026-07-01 13:30:59,llopez,108.152.35.29,4624,Success
2026-07-01 13:31:33,aguilarbrenda,114.152.189.72,4624,Success
2026-07-01 13:31:54,anthony07,21.16.30.226,4624,Success
2026-07-01 13:32:23,brownandrea,114.113.55.238,4624,Success
2026-07-01 13:32:27,richard48,128.223.54.94,4624,Success
2026-07-01 13:33:53,schroedereugene,174.127.130.209,4624,Success
2026-07-01 13:34:01,raymondlee,60.137.91.100,4624,Success
2026-07-01 13:34:50,kevinday,173.2.241.93,4624,Success
2026-07-01 13:35:56,laurabentley,75.23.23.116,4624,Success
2026-07-01 13:36:16,dustin51,173.251.222.78,4624,Success
2026-07-01 13:36:39,glenn67,94.212.59.206,4624,Success
2026-07-01 13:36:43,brad32,155.48.177.233,4624,Success
2026-07-01 13:37:31,dennisshelly,171.207.185.191,4624,Success
2026-07-01 13:37:49,scott10,87.123.117.96,4624,Success
2026-07-01 13:39:41,kristine82,116.2.180.130,4624,Success
2026-07-01 13:40:08,richard47,27.66.173.90,4624,Success
2026-07-01 13:40:11,osparks,99.46.180.250,4624,Success
2026-07-01 13:40:22,joycemelissa,98.91.0.175,4624,Success
2026-07-01 13:43:20,lauriedoyle,92.43.209.218,4624,Success
2026-07-01 13:43:24,uward,122.158.179.4,4624,Success
2026-07-01 13:44:13,langpaula,132.142.44.216,4624,Success
2026-07-01 13:44:16,longpaula,204.144.255.115,4624,Success
2026-07-01 13:44:20,hendersonmark,27.19.84.18,4624,Success
2026-07-01 13:45:11,angel83,222.117.244.70,4624,Success
2026-07-01 13:45:43,dshah,5.170.89.165,4624,Success
2026-07-01 13:46:39,lzimmerman,206.4.52.105,4624,Success
2026-07-01 13:47:13,robert90,169.230.144.38,4624,Success
2026-07-01 13:47:16,marymoore,189.49.196.174,4624,Success
2026-07-01 13:47:20,ohouston,2.41.71.68,4624,Success
2026-07-01 13:48:42,daniel05,208.137.27.115,4624,Success
2026-07-01 13:49:12,david02,168.2.5.245,4624,Success
2026-07-01 13:49:49,washingtonlorraine,111.148.8.136,4624,Success
2026-07-01 13:52:28,kristinahodges,87.115.31.20,4624,Success
2026-07-01 13:53:45,clarkjoseph,69.245.3.115,4624,Success
2026-07-01 13:54:20,robinsolomon,45.177.55.119,4624,Success
2026-07-01 13:55:08,bartonjuan,68.145.99.101,4624,Success
2026-07-01 13:55:08,pmoore,119.68.171.241,4624,Success
2026-07-01 13:55:29,timothybowers,199.27.202.149,4624,Success
2026-07-01 13:55:59,peterramos,35.130.89.203,4624,Success
2026-07-01 13:58:10,ngutierrez,146.92.248.14,4624,Success
2026-07-01 13:58:20,diazwillie,59.32.116.90,4624,Success
2026-07-01 13:58:32,vchase,93.102.28.246,4624,Success
2026-07-01 13:59:17,hconway,87.102.97.100,4624,Success
2026-07-01 14:01:45,pdavis,155.152.87.52,4624,Success
2026-07-01 14:03:55,truiz,220.217.48.86,4624,Success
2026-07-01 14:03:58,karengood,120.87.178.82,4624,Success
2026-07-01 14:05:06,courtneywheeler,34.252.215.138,4624,Success
2026-07-01 14:06:34,emma26,13.191.151.43,4624,Success
2026-07-01 14:06:37,derekstrickland,57.110.70.22,4624,Success
2026-07-01 14:07:01,paige91,90.82.209.135,4624,Success
2026-07-01 14:07:24,tinagarcia,86.87.105.54,4624,Success
2026-07-01 14:07:42,thomas09,73.79.17.107,4624,Success
2026-07-01 14:07:43,pjohnson,134.169.31.19,4624,Success
2026-07-01 14:08:45,freyalyssa,44.39.252.69,4624,Success
2026-07-01 14:08:47,james00,182.57.170.171,4624,Success
2026-07-01 14:10:02,solisamanda,2.30.37.165,4624,Success
2026-07-01 14:10:19,ytate,54.4.95.195,4624,Success
2026-07-01 14:10:57,christina43,196.150.223.250,4624,Success
2026-07-01 14:10:59,dustin17,110.150.138.130,4624,Success
2026-07-01 14:11:01,travis98,222.246.236.108,4624,Success
2026-07-01 14:12:11,bhill,54.170.117.104,4624,Success
2026-07-01 14:12:27,elizabeth37,11.47.18.161,4624,Success
2026-07-01 14:12:33,jason91,57.227.77.177,4624,Success
2026-07-01 14:12:52,dianajensen,196.206.105.170,4624,Success
2026-07-01 14:13:17,vasquezjason,162.132.234.40,4624,Success
2026-07-01 14:13:59,stephanieevans,159.178.89.124,4624,Success
2026-07-01 14:14:01,fgraham,198.158.34.23,4624,Success
2026-07-01 14:14:53,carlsonrebecca,176.202.244.158,4624,Success
2026-07-01 14:15:31,mrussell,156.39.11.140,4624,Success
2026-07-01 14:16:09,johnbates,39.113.239.76,4624,Success
2026-07-01 14:16:34,laurieortiz,61.137.169.19,4624,Success
2026-07-01 14:16:36,gina01,184.81.191.43,4624,Success
2026-07-01 14:16:50,christopherharrison,85.84.217.78,4624,Success
2026-07-01 14:16:57,kelsey30,13.203.160.115,4624,Success
2026-07-01 14:17:07,hterrell,129.47.121.224,4624,Success
2026-07-01 14:18:13,ethan27,96.28.200.17,4624,Success
2026-07-01 14:18:32,lcain,151.230.135.223,4624,Success
2026-07-01 14:18:38,jeremymorton,117.237.162.173,4624,Success
2026-07-01 14:19:18,amanda41,139.56.198.3,4624,Success
2026-07-01 14:22:08,khickman,216.244.119.14,4624,Success
2026-07-01 14:22:14,bsmith,114.194.53.6,4624,Success
2026-07-01 14:23:09,michael98,66.146.239.74,4624,Success
2026-07-01 14:23:50,jharding,112.86.174.30,4624,Success
2026-07-01 14:24:10,jeromeshields,16.81.173.212,4624,Success
2026-07-01 14:26:40,anthonysilva,9.254.186.92,4624,Success
2026-07-01 14:26:44,jonathan18,78.154.221.239,4624,Success
2026-07-01 14:27:34,rebecca32,10.53.116.233,4624,Success
2026-07-01 14:27:52,nicolas62,213.92.217.175,4624,Success
2026-07-01 14:28:03,bwilliams,164.248.242.83,4624,Success
2026-07-01 14:29:38,blewis,84.242.186.60,4624,Success
2026-07-01 14:29:59,zrichardson,68.97.126.219,4624,Success
2026-07-01 14:30:04,john16,55.85.38.66,4624,Success
2026-07-01 14:30:50,greenpatricia,72.132.64.38,4624,Success
2026-07-01 14:31:24,karengay,196.26.160.243,4624,Success
2026-07-01 14:31:53,jessica55,174.159.188.130,4624,Success
2026-07-01 14:32:03,andersenjessica,180.207.53.72,4624,Success
2026-07-01 14:33:09,rjordan,215.175.134.240,4624,Success
2026-07-01 14:33:29,matthew75,45.39.216.108,4624,Success
2026-07-01 14:33:56,cindy95,97.100.152.144,4624,Success
2026-07-01 14:34:06,jonathanlozano,19.133.254.6,4624,Success
2026-07-01 14:34:40,jonathonswanson,115.64.147.230,4624,Success
2026-07-01 14:35:00,eugenestewart,57.83.125.230,4624,Success
2026-07-01 14:35:24,ggillespie,122.32.142.118,4624,Success
2026-07-01 14:35:45,leemarilyn,172.236.209.59,4624,Success
2026-07-01 14:36:04,tpeterson,208.229.102.87,4624,Success
2026-07-01 14:36:49,ypope,4.217.164.0,4624,Success
2026-07-01 14:37:01,williamssarah,93.113.109.15,4624,Success
2026-07-01 14:37:02,brenda04,91.117.194.84,4624,Success
2026-07-01 14:37:34,leachmicheal,8.68.71.169,4624,Success
2026-07-01 14:38:27,christensenmarc,170.182.103.39,4624,Success
2026-07-01 14:39:19,rodneybaker,46.139.159.54,4624,Success
2026-07-01 14:39:34,vanessa17,193.13.243.180,4624,Success
2026-07-01 14:39:46,kford,144.137.127.160,4624,Success
2026-07-01 14:40:22,brenda17,31.83.106.171,4624,Success
2026-07-01 14:41:07,richmondannette,64.8.95.159,4624,Success
2026-07-01 14:41:59,lisa57,109.26.232.82,4624,Success
2026-07-01 14:44:30,ygonzalez,79.190.82.66,4624,Success
2026-07-01 14:46:07,cassandramcknight,146.141.190.236,4624,Success
2026-07-01 14:47:09,sierra78,76.101.64.158,4624,Success
2026-07-01 14:47:15,harrismichael,216.60.100.75,4624,Success
2026-07-01 14:47:20,qwalton,47.4.196.58,4624,Success
2026-07-01 14:50:02,ericksondiane,185.44.135.7,4624,Success
2026-07-01 14:50:46,josephallen,95.234.10.231,4624,Success
2026-07-01 14:50:55,andrewmiller,132.23.51.92,4624,Success
2026-07-01 14:52:04,lindseycampbell,66.204.42.178,4624,Success
2026-07-01 14:52:39,toddcole,11.241.161.186,4624,Success
2026-07-01 14:52:48,tararodriguez,190.104.149.187,4624,Success
2026-07-01 14:52:51,jeremycuevas,160.13.167.130,4624,Success
2026-07-01 14:53:00,vkelly,133.26.253.240,4624,Success
2026-07-01 14:53:05,sarah04,208.124.68.106,4624,Success
2026-07-01 14:53:49,marshalljessica,206.87.174.206,4624,Success
2026-07-01 14:54:15,kevin14,159.89.196.150,4624,Success
2026-07-01 14:54:59,dunnjohn,35.184.146.82,4624,Success
2026-07-01 14:55:23,stevenperez,131.173.49.153,4624,Success
2026-07-01 14:57:41,evelynjones,193.13.113.112,4624,Success
2026-07-01 14:58:08,caroline59,223.193.154.12,4624,Success
2026-07-01 14:59:14,millerphilip,176.211.153.66,4624,Success
2026-07-01 14:59:39,coffeykaren,113.128.92.97,4624,Success
2026-07-01 15:00:10,jonesdebra,191.194.1.122,4624,Success
2026-07-01 15:00:44,tnichols,124.127.122.77,4624,Success
2026-07-01 15:01:50,amypeterson,99.239.193.73,4624,Success
2026-07-01 15:02:24,thomas89,76.153.8.176,4624,Success
2026-07-01 15:03:32,gfitzgerald,137.5.242.6,4624,Success
2026-07-01 15:04:28,jonestraci,74.49.90.47,4624,Success
2026-07-01 15:05:02,ohall,53.220.108.220,4624,Success
2026-07-01 15:05:02,troberts,92.246.168.88,4624,Success
2026-07-01 15:05:18,xlong,31.246.74.136,4624,Success
2026-07-01 15:05:58,jason69,93.122.117.129,4624,Success
2026-07-01 15:06:31,tjones,193.58.79.58,4624,Success
2026-07-01 15:07:19,vjones,136.125.152.75,4624,Success
2026-07-01 15:07:53,austinkelly,60.136.108.252,4624,Success
2026-07-01 15:09:58,iturner,208.102.71.17,4624,Success
2026-07-01 15:10:02,brittney27,125.177.149.42,4624,Success
2026-07-01 15:10:29,gkoch,165.129.245.139,4624,Success
2026-07-01 15:11:01,stephanie20,120.176.181.151,4624,Success
2026-07-01 15:11:10,leslie13,165.103.232.160,4624,Success
2026-07-01 15:11:38,whiteisaac,159.138.45.110,4624,Success
2026-07-01 15:13:07,thomasdaniel,175.83.210.81,4624,Success
2026-07-01 15:13:28,duncankaitlyn,146.56.162.18,4624,Success
2026-07-01 15:13:48,crawfordrebecca,5.19.140.213,4624,Success
2026-07-01 15:14:04,sharonward,117.133.52.77,4624,Success
2026-07-01 15:14:33,sdennis,17.153.154.79,4624,Success
2026-07-01 15:14:49,hansonnorman,48.183.49.143,4624,Success
2026-07-01 15:15:33,tthompson,166.124.173.89,4624,Success
2026-07-01 15:15:40,nathanpotter,15.176.100.189,4624,Success
2026-07-01 15:16:04,sellis,149.134.82.170,4624,Success
2026-07-01 15:16:07,ojohnson,10.94.9.42,4624,Success
2026-07-01 15:16:19,jesse39,8.217.12.51,4624,Success
2026-07-01 15:17:06,cameron95,129.173.169.0,4624,Success
2026-07-01 15:17:11,buckleybrittany,197.96.117.119,4624,Success
2026-07-01 15:20:21,rebecca42,59.185.128.69,4624,Success
2026-07-01 15:20:59,edwardbrown,1.243.71.130,4624,Success
2026-07-01 15:23:26,yreese,122.164.238.66,4624,Success
2026-07-01 15:23:27,renee73,166.84.31.120,4624,Success
2026-07-01 15:23:52,heather73,106.72.188.193,4624,Success
2026-07-01 15:24:01,mezabrian,65.95.219.99,4624,Success
2026-07-01 15:24:38,khoffman,149.35.32.176,4624,Success
2026-07-01 15:24:51,cassandra42,89.212.177.119,4624,Success
2026-07-01 15:25:10,kylie05,162.252.92.29,4624,Success
2026-07-01 15:25:45,kyleoconnell,35.97.249.34,4624,Success
2026-07-01 15:26:03,joselambert,141.63.204.50,4624,Success
2026-07-01 15:26:06,sheila45,73.82.209.33,4624,Success
2026-07-01 15:26:18,jill70,64.122.187.186,4624,Success
2026-07-01 15:27:20,paigerichards,171.243.87.160,4624,Success
2026-07-01 15:27:32,shane86,169.160.207.24,4624,Success
2026-07-01 15:29:30,hmiller,15.239.61.204,4624,Success
2026-07-01 15:29:31,david72,164.132.166.221,4624,Success
2026-07-01 15:30:21,tadams,39.174.91.225,4624,Success
2026-07-01 15:31:54,samuel55,86.69.59.193,4624,Success
2026-07-01 15:32:19,mcabrera,56.1.18.22,4624,Success
2026-07-01 15:33:12,belljulie,29.216.155.91,4624,Success
2026-07-01 15:33:33,smithjoe,85.28.149.77,4624,Success
2026-07-01 15:33:44,marshallanthony,68.236.233.166,4624,Success
2026-07-01 15:34:07,louis67,22.147.158.199,4624,Success
2026-07-01 15:34:18,ysanchez,162.251.82.103,4624,Success
2026-07-01 15:34:30,sramos,213.176.98.162,4624,Success
2026-07-01 15:34:38,alexis71,43.233.92.51,4624,Success
2026-07-01 15:34:40,lmorgan,77.213.221.156,4624,Success
2026-07-01 15:35:23,morenotony,91.250.80.242,4624,Success
2026-07-01 15:35:53,christopherriley,119.255.106.225,4624,Success
2026-07-01 15:37:21,stevendavis,83.98.22.111,4624,Success
2026-07-01 15:40:30,scott29,110.187.228.6,4624,Success
2026-07-01 15:41:01,thomas86,186.155.123.63,4624,Success
2026-07-01 15:41:11,xgraham,11.190.124.195,4624,Success
2026-07-01 15:41:16,amandagutierrez,40.112.247.209,4624,Success
2026-07-01 15:42:14,rebekah46,172.45.227.221,4624,Success
2026-07-01 15:42:55,robertsonlisa,119.184.182.109,4624,Success
2026-07-01 15:43:18,xpeterson,26.7.96.20,4624,Success
2026-07-01 15:44:36,kristenjoyce,142.9.31.235,4624,Success
2026-07-01 15:45:22,jasonsaunders,161.36.93.141,4624,Success
2026-07-01 15:45:27,michelle89,146.47.170.13,4624,Success
2026-07-01 15:45:59,chooper,134.139.245.29,4624,Success
2026-07-01 15:47:22,jasonortega,129.19.159.95,4624,Success
2026-07-01 15:48:55,bradley06,178.30.157.45,4624,Success
2026-07-01 15:49:30,matthew82,177.216.161.178,4624,Success
2026-07-01 15:51:01,ggriffin,42.10.226.51,4624,Success
2026-07-01 15:51:16,autumnboyle,172.111.166.34,4624,Success
2026-07-01 15:53:14,qsmith,143.4.72.128,4624,Success
2026-07-01 15:53:48,matthew99,98.69.56.117,4624,Success
2026-07-01 15:54:05,ortizstacey,96.52.39.221,4624,Success
2026-07-01 15:54:19,carolynwilliams,49.111.116.220,4624,Success
2026-07-01 15:54:32,brandon05,67.112.6.59,4624,Success
2026-07-01 15:54:33,moorezachary,65.205.137.229,4624,Success
2026-07-01 15:54:48,gibsoneric,137.69.7.176,4624,Success
2026-07-01 15:54:48,denisesmith,169.57.109.66,4624,Success
2026-07-01 15:55:14,shaun27,144.88.117.105,4624,Success
2026-07-01 15:55:37,tracysteele,22.251.211.78,4624,Success
2026-07-01 15:57:03,brandon57,140.240.248.177,4624,Success
2026-07-01 15:57:34,hannamolly,137.214.107.2,4624,Success
2026-07-01 15:58:28,allencory,194.225.17.16,4624,Success
2026-07-01 15:59:45,jreid,162.198.135.14,4624,Success
2026-07-01 15:59:53,wvaldez,188.161.167.54,4624,Success
2026-07-01 16:02:17,jaclynchen,82.195.254.24,4624,Success
2026-07-01 16:02:19,sharonwright,107.39.232.44,4624,Success
2026-07-01 16:03:22,kerrtracy,136.200.226.84,4624,Success
2026-07-01 16:04:37,rachelyu,175.126.131.109,4624,Success
2026-07-01 16:04:52,hermansarah,31.120.2.85,4624,Success
2026-07-01 16:05:11,angela09,148.119.238.59,4624,Success
2026-07-01 16:06:24,zdaniels,26.110.125.146,4624,Success
2026-07-01 16:06:36,daniellemacdonald,222.20.92.63,4624,Success
2026-07-01 16:07:08,jfarmer,125.32.245.55,4624,Success
2026-07-01 16:07:40,ernestwalsh,97.220.77.237,4624,Success
